{
  "Resource 5 | GetTrack" : {
    "transaction" : "Resource 5 | GetTrack",
    "sampleCount" : 100,
    "errorCount" : 61,
    "errorPct" : 61.0,
    "meanResTime" : 2289.5000000000005,
    "medianResTime" : 1429.5,
    "minResTime" : 0.0,
    "maxResTime" : 6007.0,
    "pct1ResTime" : 6004.9,
    "pct2ResTime" : 6006.0,
    "pct3ResTime" : 6006.99,
    "throughput" : 5.867762073027755E-8,
    "receivedKBytesPerSec" : 2.604146616404474E-6,
    "sentKBytesPerSec" : 1.2835729534748212E-9
  },
  "Resource 5 | Open Connection" : {
    "transaction" : "Resource 5 | Open Connection",
    "sampleCount" : 100,
    "errorCount" : 36,
    "errorPct" : 36.0,
    "meanResTime" : 3458.4700000000007,
    "medianResTime" : 4036.5,
    "minResTime" : 15.0,
    "maxResTime" : 4937.0,
    "pct1ResTime" : 4636.1,
    "pct2ResTime" : 4814.65,
    "pct3ResTime" : 4936.73,
    "throughput" : 6.98616738857063,
    "receivedKBytesPerSec" : 0.6331214195892133,
    "sentKBytesPerSec" : 0.7291812211820595
  },
  "Resource 5 | AddLocation" : {
    "transaction" : "Resource 5 | AddLocation",
    "sampleCount" : 100,
    "errorCount" : 53,
    "errorPct" : 53.0,
    "meanResTime" : 1823.5600000000004,
    "medianResTime" : 937.0,
    "minResTime" : 0.0,
    "maxResTime" : 6006.0,
    "pct1ResTime" : 6004.9,
    "pct2ResTime" : 6006.0,
    "pct3ResTime" : 6006.0,
    "throughput" : 5.867762090718213E-8,
    "receivedKBytesPerSec" : 3.204921227869821E-9,
    "sentKBytesPerSec" : 4.437495081105649E-9
  },
  "Total" : {
    "transaction" : "Total",
    "sampleCount" : 800,
    "errorCount" : 429,
    "errorPct" : 53.625,
    "meanResTime" : 1834.9624999999987,
    "medianResTime" : 6.0,
    "minResTime" : 0.0,
    "maxResTime" : 10259.0,
    "pct1ResTime" : 5122.4,
    "pct2ResTime" : 6005.0,
    "pct3ResTime" : 9947.97,
    "throughput" : 4.6942096324587527E-7,
    "receivedKBytesPerSec" : 2.6188543996861605E-6,
    "sentKBytesPerSec" : 1.7288123121494212E-8
  },
  "Resource 5 | GetLocation" : {
    "transaction" : "Resource 5 | GetLocation",
    "sampleCount" : 100,
    "errorCount" : 47,
    "errorPct" : 47.0,
    "meanResTime" : 1447.2900000000002,
    "medianResTime" : 472.5,
    "minResTime" : 0.0,
    "maxResTime" : 6006.0,
    "pct1ResTime" : 6003.0,
    "pct2ResTime" : 6005.0,
    "pct3ResTime" : 6006.0,
    "throughput" : 5.867762111390365E-8,
    "receivedKBytesPerSec" : 3.6301047827790976E-9,
    "sentKBytesPerSec" : 1.3935935014552115E-9
  },
  "Resource 5 | PingPong Request" : {
    "transaction" : "Resource 5 | PingPong Request",
    "sampleCount" : 100,
    "errorCount" : 36,
    "errorPct" : 36.0,
    "meanResTime" : 0.7200000000000002,
    "medianResTime" : 1.0,
    "minResTime" : 0.0,
    "maxResTime" : 3.0,
    "pct1ResTime" : 2.0,
    "pct2ResTime" : 2.9499999999999886,
    "pct3ResTime" : 3.0,
    "throughput" : 5.867762132059074E-8,
    "receivedKBytesPerSec" : 7.334702665073841E-11,
    "sentKBytesPerSec" : 2.2004107995221525E-10
  },
  "Resource 5 | CloseConnection" : {
    "transaction" : "Resource 5 | CloseConnection",
    "sampleCount" : 200,
    "errorCount" : 109,
    "errorPct" : 54.5,
    "meanResTime" : 1.55,
    "medianResTime" : 0.0,
    "minResTime" : 0.0,
    "maxResTime" : 122.0,
    "pct1ResTime" : 3.0,
    "pct2ResTime" : 6.0,
    "pct3ResTime" : 7.0,
    "throughput" : 1.1735524081146882E-7,
    "receivedKBytesPerSec" : 2.0858060378600905E-10,
    "sentKBytesPerSec" : 1.6164996793415702E-9
  },
  "Location | GetResourcesNearby" : {
    "transaction" : "Location | GetResourcesNearby",
    "sampleCount" : 100,
    "errorCount" : 87,
    "errorPct" : 87.0,
    "meanResTime" : 5657.060000000001,
    "medianResTime" : 4971.5,
    "minResTime" : 1428.0,
    "maxResTime" : 10259.0,
    "pct1ResTime" : 9905.3,
    "pct2ResTime" : 9951.8,
    "pct3ResTime" : 10257.769999999999,
    "throughput" : 2.7137042062415193,
    "receivedKBytesPerSec" : 0.10512953697421981,
    "sentKBytesPerSec" : 0.10232042910447761
  }
}