{
  "Resource 5 | GetTrack" : {
    "transaction" : "Resource 5 | GetTrack",
    "sampleCount" : 100,
    "errorCount" : 0,
    "errorPct" : 0.0,
    "meanResTime" : 3.8,
    "medianResTime" : 4.0,
    "minResTime" : 2.0,
    "maxResTime" : 10.0,
    "pct1ResTime" : 5.0,
    "pct2ResTime" : 6.0,
    "pct3ResTime" : 9.969999999999985,
    "throughput" : 10.134792743488395,
    "receivedKBytesPerSec" : 226.55319657697373,
    "sentKBytesPerSec" : 0.346404048849701
  },
  "Resource 5 | Open Connection" : {
    "transaction" : "Resource 5 | Open Connection",
    "sampleCount" : 100,
    "errorCount" : 0,
    "errorPct" : 0.0,
    "meanResTime" : 5.0100000000000025,
    "medianResTime" : 4.0,
    "minResTime" : 3.0,
    "maxResTime" : 18.0,
    "pct1ResTime" : 8.0,
    "pct2ResTime" : 10.899999999999977,
    "pct3ResTime" : 17.989999999999995,
    "throughput" : 10.097950116126427,
    "receivedKBytesPerSec" : 1.4298855144905585,
    "sentKBytesPerSec" : 1.646833661516712
  },
  "Resource 5 | AddLocation" : {
    "transaction" : "Resource 5 | AddLocation",
    "sampleCount" : 100,
    "errorCount" : 0,
    "errorPct" : 0.0,
    "meanResTime" : 31.730000000000008,
    "medianResTime" : 28.5,
    "minResTime" : 21.0,
    "maxResTime" : 79.0,
    "pct1ResTime" : 45.900000000000006,
    "pct2ResTime" : 60.74999999999994,
    "pct3ResTime" : 79.0,
    "throughput" : 10.105092966855295,
    "receivedKBytesPerSec" : 1.3519509145109134,
    "sentKBytesPerSec" : 1.1940588369037994
  },
  "Total" : {
    "transaction" : "Total",
    "sampleCount" : 800,
    "errorCount" : 0,
    "errorPct" : 0.0,
    "meanResTime" : 8.073749999999995,
    "medianResTime" : 4.0,
    "minResTime" : 0.0,
    "maxResTime" : 79.0,
    "pct1ResTime" : 25.899999999999977,
    "pct2ResTime" : 30.949999999999932,
    "pct3ResTime" : 49.0,
    "throughput" : 80.30515960650472,
    "receivedKBytesPerSec" : 230.06153853392894,
    "sentKBytesPerSec" : 5.607245031118249
  },
  "Resource 5 | GetLocation" : {
    "transaction" : "Resource 5 | GetLocation",
    "sampleCount" : 100,
    "errorCount" : 0,
    "errorPct" : 0.0,
    "meanResTime" : 11.630000000000003,
    "medianResTime" : 11.0,
    "minResTime" : 2.0,
    "maxResTime" : 41.0,
    "pct1ResTime" : 15.0,
    "pct2ResTime" : 16.94999999999999,
    "pct3ResTime" : 40.91999999999996,
    "throughput" : 10.095911155981828,
    "receivedKBytesPerSec" : 1.353483089348814,
    "sentKBytesPerSec" : 0.37465295305401314
  },
  "Resource 5 | PingPong Request" : {
    "transaction" : "Resource 5 | PingPong Request",
    "sampleCount" : 100,
    "errorCount" : 0,
    "errorPct" : 0.0,
    "meanResTime" : 1.21,
    "medianResTime" : 1.0,
    "minResTime" : 0.0,
    "maxResTime" : 10.0,
    "pct1ResTime" : 2.0,
    "pct2ResTime" : 4.0,
    "pct3ResTime" : 10.0,
    "throughput" : 10.108157282927321,
    "receivedKBytesPerSec" : 0.019742494693217424,
    "sentKBytesPerSec" : 0.059227484079652275
  },
  "Resource 5 | CloseConnection" : {
    "transaction" : "Resource 5 | CloseConnection",
    "sampleCount" : 200,
    "errorCount" : 0,
    "errorPct" : 0.0,
    "meanResTime" : 0.48500000000000015,
    "medianResTime" : 0.0,
    "minResTime" : 0.0,
    "maxResTime" : 6.0,
    "pct1ResTime" : 1.0,
    "pct2ResTime" : 1.0,
    "pct3ResTime" : 3.990000000000009,
    "throughput" : 20.257267294641952,
    "receivedKBytesPerSec" : 0.07912995036969514,
    "sentKBytesPerSec" : 0.6132571153651373
  },
  "Location | GetResourcesNearby" : {
    "transaction" : "Location | GetResourcesNearby",
    "sampleCount" : 100,
    "errorCount" : 0,
    "errorPct" : 0.0,
    "meanResTime" : 10.240000000000004,
    "medianResTime" : 8.0,
    "minResTime" : 6.0,
    "maxResTime" : 54.0,
    "pct1ResTime" : 13.900000000000006,
    "pct2ResTime" : 18.94999999999999,
    "pct3ResTime" : 53.93999999999997,
    "throughput" : 10.128633647320976,
    "receivedKBytesPerSec" : 1.4737953256355718,
    "sentKBytesPerSec" : 1.4144478628583006
  }
}