{
  "Resource 5 | GetTrack" : {
    "transaction" : "Resource 5 | GetTrack",
    "sampleCount" : 100,
    "errorCount" : 68,
    "errorPct" : 68.0,
    "meanResTime" : 1211.4800000000002,
    "medianResTime" : 0.0,
    "minResTime" : 0.0,
    "maxResTime" : 6006.0,
    "pct1ResTime" : 3628.6000000000004,
    "pct2ResTime" : 6004.0,
    "pct3ResTime" : 6005.98,
    "throughput" : 5.868104812517818E-8,
    "receivedKBytesPerSec" : 2.476467449561072E-6,
    "sentKBytesPerSec" : 8.022799548364205E-10
  },
  "Resource 5 | Open Connection" : {
    "transaction" : "Resource 5 | Open Connection",
    "sampleCount" : 100,
    "errorCount" : 60,
    "errorPct" : 60.0,
    "meanResTime" : 3582.02,
    "medianResTime" : 4208.0,
    "minResTime" : 7.0,
    "maxResTime" : 5005.0,
    "pct1ResTime" : 4892.1,
    "pct2ResTime" : 4969.599999999999,
    "pct3ResTime" : 5004.93,
    "throughput" : 7.655795437145919,
    "receivedKBytesPerSec" : 0.4336290384320931,
    "sentKBytesPerSec" : 0.49942103047006586
  },
  "Resource 5 | AddLocation" : {
    "transaction" : "Resource 5 | AddLocation",
    "sampleCount" : 100,
    "errorCount" : 70,
    "errorPct" : 70.0,
    "meanResTime" : 1126.63,
    "medianResTime" : 0.0,
    "minResTime" : 0.0,
    "maxResTime" : 6006.0,
    "pct1ResTime" : 5714.700000000016,
    "pct2ResTime" : 6005.0,
    "pct3ResTime" : 6006.0,
    "throughput" : 5.86810483254157E-8,
    "receivedKBytesPerSec" : 2.097389031943569E-9,
    "sentKBytesPerSec" : 2.7735964247559765E-9
  },
  "Total" : {
    "transaction" : "Total",
    "sampleCount" : 800,
    "errorCount" : 484,
    "errorPct" : 60.5,
    "meanResTime" : 1669.0249999999994,
    "medianResTime" : 1.0,
    "minResTime" : 0.0,
    "maxResTime" : 10584.0,
    "pct1ResTime" : 5001.9,
    "pct2ResTime" : 7775.849999999988,
    "pct3ResTime" : 10581.0,
    "throughput" : 4.6944838380998645E-7,
    "receivedKBytesPerSec" : 2.4903858543427744E-6,
    "sentKBytesPerSec" : 1.5604345081965247E-8
  },
  "Resource 5 | GetLocation" : {
    "transaction" : "Resource 5 | GetLocation",
    "sampleCount" : 100,
    "errorCount" : 61,
    "errorPct" : 61.0,
    "meanResTime" : 835.0899999999997,
    "medianResTime" : 0.0,
    "minResTime" : 0.0,
    "maxResTime" : 6006.0,
    "pct1ResTime" : 3427.5000000000005,
    "pct2ResTime" : 4399.649999999996,
    "pct3ResTime" : 5998.529999999996,
    "throughput" : 5.8681048506232076E-8,
    "receivedKBytesPerSec" : 2.740932177786211E-9,
    "sentKBytesPerSec" : 8.710468137643823E-10
  },
  "Resource 5 | PingPong Request" : {
    "transaction" : "Resource 5 | PingPong Request",
    "sampleCount" : 100,
    "errorCount" : 60,
    "errorPct" : 60.0,
    "meanResTime" : 0.5000000000000001,
    "medianResTime" : 0.0,
    "minResTime" : 0.0,
    "maxResTime" : 6.0,
    "pct1ResTime" : 1.0,
    "pct2ResTime" : 2.0,
    "pct3ResTime" : 5.97999999999999,
    "throughput" : 5.86810487130466E-8,
    "receivedKBytesPerSec" : 4.584456930706766E-11,
    "sentKBytesPerSec" : 1.37533707921203E-10
  },
  "Resource 5 | CloseConnection" : {
    "transaction" : "Resource 5 | CloseConnection",
    "sampleCount" : 200,
    "errorCount" : 95,
    "errorPct" : 47.5,
    "meanResTime" : 3.01,
    "medianResTime" : 0.0,
    "minResTime" : 0.0,
    "maxResTime" : 40.0,
    "pct1ResTime" : 7.0,
    "pct2ResTime" : 21.899999999999977,
    "pct3ResTime" : 38.98000000000002,
    "throughput" : 1.1736209595249661E-7,
    "receivedKBytesPerSec" : 2.406839858400809E-10,
    "sentKBytesPerSec" : 1.8653008902606274E-9
  },
  "Location | GetResourcesNearby" : {
    "transaction" : "Location | GetResourcesNearby",
    "sampleCount" : 100,
    "errorCount" : 70,
    "errorPct" : 70.0,
    "meanResTime" : 6590.459999999998,
    "medianResTime" : 5284.5,
    "minResTime" : 1446.0,
    "maxResTime" : 10584.0,
    "pct1ResTime" : 10568.800000000001,
    "pct2ResTime" : 10582.0,
    "pct3ResTime" : 10584.0,
    "throughput" : 2.943254061690605,
    "receivedKBytesPerSec" : 0.27434921893395336,
    "sentKBytesPerSec" : 0.26716354007240406
  }
}