{
  "Resource 5 | GetTrack" : {
    "transaction" : "Resource 5 | GetTrack",
    "sampleCount" : 100,
    "errorCount" : 24,
    "errorPct" : 24.0,
    "meanResTime" : 930.3900000000001,
    "medianResTime" : 957.0,
    "minResTime" : 0.0,
    "maxResTime" : 2139.0,
    "pct1ResTime" : 1947.0,
    "pct2ResTime" : 2021.6,
    "pct3ResTime" : 2138.8199999999997,
    "throughput" : 5.8671797209829406E-8,
    "receivedKBytesPerSec" : 8.57431019544694E-7,
    "sentKBytesPerSec" : 1.524091607208459E-9
  },
  "Resource 5 | Open Connection" : {
    "transaction" : "Resource 5 | Open Connection",
    "sampleCount" : 100,
    "errorCount" : 24,
    "errorPct" : 24.0,
    "meanResTime" : 2936.349999999999,
    "medianResTime" : 3401.0,
    "minResTime" : 6.0,
    "maxResTime" : 4967.0,
    "pct1ResTime" : 4569.8,
    "pct2ResTime" : 4760.9,
    "pct3ResTime" : 4966.82,
    "throughput" : 6.910850034554251,
    "receivedKBytesPerSec" : 0.7437262439530062,
    "sentKBytesPerSec" : 0.8565674671734623
  },
  "Resource 5 | AddLocation" : {
    "transaction" : "Resource 5 | AddLocation",
    "sampleCount" : 100,
    "errorCount" : 24,
    "errorPct" : 24.0,
    "meanResTime" : 952.7300000000001,
    "medianResTime" : 1018.5,
    "minResTime" : 0.0,
    "maxResTime" : 2166.0,
    "pct1ResTime" : 1999.3,
    "pct2ResTime" : 2056.2999999999997,
    "pct3ResTime" : 2165.0399999999995,
    "throughput" : 5.867179722772977E-8,
    "receivedKBytesPerSec" : 5.225456940594683E-9,
    "sentKBytesPerSec" : 5.2690024150996385E-9
  },
  "Total" : {
    "transaction" : "Total",
    "sampleCount" : 800,
    "errorCount" : 176,
    "errorPct" : 22.0,
    "meanResTime" : 1244.8137500000003,
    "medianResTime" : 372.5,
    "minResTime" : 0.0,
    "maxResTime" : 6552.0,
    "pct1ResTime" : 4257.7,
    "pct2ResTime" : 4597.0999999999985,
    "pct3ResTime" : 5144.570000000001,
    "throughput" : 4.693743765544916E-7,
    "receivedKBytesPerSec" : 8.818365369849829E-7,
    "sentKBytesPerSec" : 2.5705581090992082E-8
  },
  "Resource 5 | GetLocation" : {
    "transaction" : "Resource 5 | GetLocation",
    "sampleCount" : 100,
    "errorCount" : 24,
    "errorPct" : 24.0,
    "meanResTime" : 873.0099999999996,
    "medianResTime" : 805.0,
    "minResTime" : 0.0,
    "maxResTime" : 2177.0,
    "pct1ResTime" : 1842.8000000000002,
    "pct2ResTime" : 2049.2999999999997,
    "pct3ResTime" : 2176.74,
    "throughput" : 5.867179727478711E-8,
    "receivedKBytesPerSec" : 5.24092704758279E-9,
    "sentKBytesPerSec" : 1.6547280325154803E-9
  },
  "Resource 5 | PingPong Request" : {
    "transaction" : "Resource 5 | PingPong Request",
    "sampleCount" : 100,
    "errorCount" : 24,
    "errorPct" : 24.0,
    "meanResTime" : 0.88,
    "medianResTime" : 1.0,
    "minResTime" : 0.0,
    "maxResTime" : 3.0,
    "pct1ResTime" : 2.0,
    "pct2ResTime" : 2.0,
    "pct3ResTime" : 3.0,
    "throughput" : 5.8671797345355895E-8,
    "receivedKBytesPerSec" : 8.709094918451266E-11,
    "sentKBytesPerSec" : 2.6127284755353796E-10
  },
  "Resource 5 | CloseConnection" : {
    "transaction" : "Resource 5 | CloseConnection",
    "sampleCount" : 200,
    "errorCount" : 40,
    "errorPct" : 20.0,
    "meanResTime" : 0.6349999999999996,
    "medianResTime" : 0.0,
    "minResTime" : 0.0,
    "maxResTime" : 6.0,
    "pct1ResTime" : 1.0,
    "pct2ResTime" : 2.0,
    "pct3ResTime" : 4.0,
    "throughput" : 1.173435941386229E-7,
    "receivedKBytesPerSec" : 3.666987316831966E-10,
    "sentKBytesPerSec" : 2.8419151705447735E-9
  },
  "Location | GetResourcesNearby" : {
    "transaction" : "Location | GetResourcesNearby",
    "sampleCount" : 100,
    "errorCount" : 16,
    "errorPct" : 16.0,
    "meanResTime" : 4263.880000000002,
    "medianResTime" : 4363.5,
    "minResTime" : 817.0,
    "maxResTime" : 6552.0,
    "pct1ResTime" : 5095.6,
    "pct2ResTime" : 5444.199999999999,
    "pct3ResTime" : 6548.859999999999,
    "throughput" : 4.95589255624938,
    "receivedKBytesPerSec" : 0.6057417112696997,
    "sentKBytesPerSec" : 0.5813494275944098
  }
}