{
  "Resource 5 | GetTrack" : {
    "transaction" : "Resource 5 | GetTrack",
    "sampleCount" : 100,
    "errorCount" : 97,
    "errorPct" : 97.0,
    "meanResTime" : 247.73000000000002,
    "medianResTime" : 0.0,
    "minResTime" : 0.0,
    "maxResTime" : 6006.0,
    "pct1ResTime" : 0.0,
    "pct2ResTime" : 326.5999999999992,
    "pct3ResTime" : 6006.0,
    "throughput" : 5.866557628834763E-8,
    "receivedKBytesPerSec" : 2.472662375590902E-7,
    "sentKBytesPerSec" : 1.4036197451801926E-10
  },
  "Resource 5 | Open Connection" : {
    "transaction" : "Resource 5 | Open Connection",
    "sampleCount" : 100,
    "errorCount" : 93,
    "errorPct" : 93.0,
    "meanResTime" : 4231.81,
    "medianResTime" : 4478.5,
    "minResTime" : 12.0,
    "maxResTime" : 4983.0,
    "pct1ResTime" : 4874.9,
    "pct2ResTime" : 4959.0,
    "pct3ResTime" : 4982.9,
    "throughput" : 6.911327666044648,
    "receivedKBytesPerSec" : 0.06850583575229802,
    "sentKBytesPerSec" : 0.07889982462506048
  },
  "Resource 5 | AddLocation" : {
    "transaction" : "Resource 5 | AddLocation",
    "sampleCount" : 100,
    "errorCount" : 97,
    "errorPct" : 97.0,
    "meanResTime" : 245.6400000000001,
    "medianResTime" : 0.0,
    "minResTime" : 0.0,
    "maxResTime" : 6005.0,
    "pct1ResTime" : 0.0,
    "pct2ResTime" : 224.29999999999984,
    "pct3ResTime" : 6005.0,
    "throughput" : 5.866557649505313E-8,
    "receivedKBytesPerSec" : 2.0452744930404263E-10,
    "sentKBytesPerSec" : 4.852513993291992E-10
  },
  "Total" : {
    "transaction" : "Total",
    "sampleCount" : 800,
    "errorCount" : 768,
    "errorPct" : 96.0,
    "meanResTime" : 1235.6237500000025,
    "medianResTime" : 0.0,
    "minResTime" : 0.0,
    "maxResTime" : 6607.0,
    "pct1ResTime" : 4983.0,
    "pct2ResTime" : 4999.0,
    "pct3ResTime" : 6004.0,
    "throughput" : 4.6932460915011135E-7,
    "receivedKBytesPerSec" : 2.484504336868913E-7,
    "sentKBytesPerSec" : 1.695801810405676E-9
  },
  "Resource 5 | GetLocation" : {
    "transaction" : "Resource 5 | GetLocation",
    "sampleCount" : 100,
    "errorCount" : 96,
    "errorPct" : 96.0,
    "meanResTime" : 190.22,
    "medianResTime" : 0.0,
    "minResTime" : 0.0,
    "maxResTime" : 6006.0,
    "pct1ResTime" : 0.0,
    "pct2ResTime" : 280.8999999999993,
    "pct3ResTime" : 6005.99,
    "throughput" : 5.8665576701689784E-8,
    "receivedKBytesPerSec" : 2.887446353286294E-10,
    "sentKBytesPerSec" : 1.5239300197899886E-10
  },
  "Resource 5 | PingPong Request" : {
    "transaction" : "Resource 5 | PingPong Request",
    "sampleCount" : 100,
    "errorCount" : 93,
    "errorPct" : 93.0,
    "meanResTime" : 0.11,
    "medianResTime" : 0.0,
    "minResTime" : 0.0,
    "maxResTime" : 3.0,
    "pct1ResTime" : 0.0,
    "pct2ResTime" : 1.0,
    "pct3ResTime" : 2.989999999999995,
    "throughput" : 5.8665576908395284E-8,
    "receivedKBytesPerSec" : 8.020684342944667E-12,
    "sentKBytesPerSec" : 2.4062053028834002E-11
  },
  "Resource 5 | CloseConnection" : {
    "transaction" : "Resource 5 | CloseConnection",
    "sampleCount" : 200,
    "errorCount" : 192,
    "errorPct" : 96.0,
    "meanResTime" : 0.05999999999999999,
    "medianResTime" : 0.0,
    "minResTime" : 0.0,
    "maxResTime" : 2.0,
    "pct1ResTime" : 0.0,
    "pct2ResTime" : 0.0,
    "pct3ResTime" : 2.0,
    "throughput" : 1.1733115257662643E-7,
    "receivedKBytesPerSec" : 1.833299259009788E-11,
    "sentKBytesPerSec" : 1.4208069257325858E-10
  },
  "Location | GetResourcesNearby" : {
    "transaction" : "Location | GetResourcesNearby",
    "sampleCount" : 100,
    "errorCount" : 100,
    "errorPct" : 100.0,
    "meanResTime" : 4969.359999999999,
    "medianResTime" : 4995.0,
    "minResTime" : 4199.0,
    "maxResTime" : 6607.0,
    "pct1ResTime" : 5001.0,
    "pct2ResTime" : 5002.0,
    "pct3ResTime" : 6590.959999999992,
    "throughput" : 4.332943368430175,
    "receivedKBytesPerSec" : 0.0061355155119372584,
    "sentKBytesPerSec" : 0.006050887711772607
  }
}