{
  "Resource 5 | GetTrack" : {
    "transaction" : "Resource 5 | GetTrack",
    "sampleCount" : 100,
    "errorCount" : 0,
    "errorPct" : 0.0,
    "meanResTime" : 3.4300000000000006,
    "medianResTime" : 3.0,
    "minResTime" : 2.0,
    "maxResTime" : 8.0,
    "pct1ResTime" : 4.0,
    "pct2ResTime" : 5.0,
    "pct3ResTime" : 7.989999999999995,
    "throughput" : 10.053282396702523,
    "receivedKBytesPerSec" : 224.61330206343624,
    "sentKBytesPerSec" : 0.3436180506685433
  },
  "Resource 5 | Open Connection" : {
    "transaction" : "Resource 5 | Open Connection",
    "sampleCount" : 100,
    "errorCount" : 0,
    "errorPct" : 0.0,
    "meanResTime" : 4.609999999999999,
    "medianResTime" : 4.0,
    "minResTime" : 3.0,
    "maxResTime" : 15.0,
    "pct1ResTime" : 6.0,
    "pct2ResTime" : 7.949999999999989,
    "pct3ResTime" : 14.95999999999998,
    "throughput" : 10.095911155981828,
    "receivedKBytesPerSec" : 1.429596794548208,
    "sentKBytesPerSec" : 1.6465011357900052
  },
  "Resource 5 | AddLocation" : {
    "transaction" : "Resource 5 | AddLocation",
    "sampleCount" : 100,
    "errorCount" : 0,
    "errorPct" : 0.0,
    "meanResTime" : 28.83,
    "medianResTime" : 27.0,
    "minResTime" : 19.0,
    "maxResTime" : 79.0,
    "pct1ResTime" : 34.0,
    "pct2ResTime" : 44.74999999999994,
    "pct3ResTime" : 78.91999999999996,
    "throughput" : 10.032102728731942,
    "receivedKBytesPerSec" : 1.3421856189807384,
    "sentKBytesPerSec" : 1.1854340138443018
  },
  "Total" : {
    "transaction" : "Total",
    "sampleCount" : 800,
    "errorCount" : 0,
    "errorPct" : 0.0,
    "meanResTime" : 7.257500000000006,
    "medianResTime" : 4.0,
    "minResTime" : 0.0,
    "maxResTime" : 79.0,
    "pct1ResTime" : 24.0,
    "pct2ResTime" : 28.0,
    "pct3ResTime" : 38.99000000000001,
    "throughput" : 79.8562587342783,
    "receivedKBytesPerSec" : 228.65814190706726,
    "sentKBytesPerSec" : 5.575900878418846
  },
  "Resource 5 | GetLocation" : {
    "transaction" : "Resource 5 | GetLocation",
    "sampleCount" : 100,
    "errorCount" : 0,
    "errorPct" : 0.0,
    "meanResTime" : 10.290000000000003,
    "medianResTime" : 10.0,
    "minResTime" : 3.0,
    "maxResTime" : 21.0,
    "pct1ResTime" : 14.0,
    "pct2ResTime" : 15.0,
    "pct3ResTime" : 20.989999999999995,
    "throughput" : 10.091835704914724,
    "receivedKBytesPerSec" : 1.3525425118579069,
    "sentKBytesPerSec" : 0.3745017156120698
  },
  "Resource 5 | PingPong Request" : {
    "transaction" : "Resource 5 | PingPong Request",
    "sampleCount" : 100,
    "errorCount" : 0,
    "errorPct" : 0.0,
    "meanResTime" : 1.5500000000000003,
    "medianResTime" : 1.0,
    "minResTime" : 0.0,
    "maxResTime" : 15.0,
    "pct1ResTime" : 2.0,
    "pct2ResTime" : 8.0,
    "pct3ResTime" : 14.949999999999974,
    "throughput" : 10.10611419909045,
    "receivedKBytesPerSec" : 0.019738504295098536,
    "sentKBytesPerSec" : 0.059215512885295606
  },
  "Resource 5 | CloseConnection" : {
    "transaction" : "Resource 5 | CloseConnection",
    "sampleCount" : 200,
    "errorCount" : 0,
    "errorPct" : 0.0,
    "meanResTime" : 0.49000000000000016,
    "medianResTime" : 0.0,
    "minResTime" : 0.0,
    "maxResTime" : 3.0,
    "pct1ResTime" : 1.0,
    "pct2ResTime" : 1.0,
    "pct3ResTime" : 1.0,
    "throughput" : 20.08435428800964,
    "receivedKBytesPerSec" : 0.07845450893753765,
    "sentKBytesPerSec" : 0.6080224442659169
  },
  "Location | GetResourcesNearby" : {
    "transaction" : "Location | GetResourcesNearby",
    "sampleCount" : 100,
    "errorCount" : 0,
    "errorPct" : 0.0,
    "meanResTime" : 8.370000000000003,
    "medianResTime" : 8.0,
    "minResTime" : 6.0,
    "maxResTime" : 46.0,
    "pct1ResTime" : 10.0,
    "pct2ResTime" : 10.0,
    "pct3ResTime" : 45.68999999999984,
    "throughput" : 10.04217714400482,
    "receivedKBytesPerSec" : 1.461215228961639,
    "sentKBytesPerSec" : 1.4023743472584855
  }
}