{
  "Resource 5 | GetTrack" : {
    "transaction" : "Resource 5 | GetTrack",
    "sampleCount" : 100,
    "errorCount" : 0,
    "errorPct" : 0.0,
    "meanResTime" : 677.9699999999999,
    "medianResTime" : 722.5,
    "minResTime" : 43.0,
    "maxResTime" : 1218.0,
    "pct1ResTime" : 1127.4,
    "pct2ResTime" : 1179.0499999999997,
    "pct3ResTime" : 1217.8,
    "throughput" : 6.347997206881229,
    "receivedKBytesPerSec" : 129.82559373611375,
    "sentKBytesPerSec" : 0.21697256078207325
  },
  "Resource 5 | Open Connection" : {
    "transaction" : "Resource 5 | Open Connection",
    "sampleCount" : 100,
    "errorCount" : 0,
    "errorPct" : 0.0,
    "meanResTime" : 1506.5800000000004,
    "medianResTime" : 1455.0,
    "minResTime" : 10.0,
    "maxResTime" : 3070.0,
    "pct1ResTime" : 2621.8,
    "pct2ResTime" : 2916.1999999999975,
    "pct3ResTime" : 3069.2799999999997,
    "throughput" : 7.712478790683325,
    "receivedKBytesPerSec" : 1.0920990475088694,
    "sentKBytesPerSec" : 1.2577968340274566
  },
  "Resource 5 | AddLocation" : {
    "transaction" : "Resource 5 | AddLocation",
    "sampleCount" : 100,
    "errorCount" : 0,
    "errorPct" : 0.0,
    "meanResTime" : 658.8400000000001,
    "medianResTime" : 698.5,
    "minResTime" : 35.0,
    "maxResTime" : 1232.0,
    "pct1ResTime" : 1137.8000000000002,
    "pct2ResTime" : 1179.0,
    "pct3ResTime" : 1231.78,
    "throughput" : 6.636580833554553,
    "receivedKBytesPerSec" : 0.771243280461906,
    "sentKBytesPerSec" : 0.7842053524024423
  },
  "Total" : {
    "transaction" : "Total",
    "sampleCount" : 800,
    "errorCount" : 0,
    "errorPct" : 0.0,
    "meanResTime" : 747.504999999999,
    "medianResTime" : 396.0,
    "minResTime" : 0.0,
    "maxResTime" : 4315.0,
    "pct1ResTime" : 2277.2999999999997,
    "pct2ResTime" : 3022.699999999998,
    "pct3ResTime" : 4149.9,
    "throughput" : 46.06968039159228,
    "receivedKBytesPerSec" : 120.82341680463577,
    "sentKBytesPerSec" : 3.2167794414051256
  },
  "Resource 5 | GetLocation" : {
    "transaction" : "Resource 5 | GetLocation",
    "sampleCount" : 100,
    "errorCount" : 0,
    "errorPct" : 0.0,
    "meanResTime" : 632.8099999999998,
    "medianResTime" : 575.5,
    "minResTime" : 32.0,
    "maxResTime" : 1238.0,
    "pct1ResTime" : 1096.8,
    "pct2ResTime" : 1167.5,
    "pct3ResTime" : 1237.9099999999999,
    "throughput" : 7.072135785007072,
    "receivedKBytesPerSec" : 0.8237242530056577,
    "sentKBytesPerSec" : 0.2624425388967468
  },
  "Resource 5 | PingPong Request" : {
    "transaction" : "Resource 5 | PingPong Request",
    "sampleCount" : 100,
    "errorCount" : 0,
    "errorPct" : 0.0,
    "meanResTime" : 1.7399999999999993,
    "medianResTime" : 1.0,
    "minResTime" : 0.0,
    "maxResTime" : 7.0,
    "pct1ResTime" : 3.9000000000000057,
    "pct2ResTime" : 5.0,
    "pct3ResTime" : 6.989999999999995,
    "throughput" : 7.718431614695894,
    "receivedKBytesPerSec" : 0.015075061747452918,
    "sentKBytesPerSec" : 0.04522518524235875
  },
  "Resource 5 | CloseConnection" : {
    "transaction" : "Resource 5 | CloseConnection",
    "sampleCount" : 200,
    "errorCount" : 0,
    "errorPct" : 0.0,
    "meanResTime" : 0.9499999999999997,
    "medianResTime" : 1.0,
    "minResTime" : 0.0,
    "maxResTime" : 11.0,
    "pct1ResTime" : 2.0,
    "pct2ResTime" : 3.0,
    "pct3ResTime" : 5.0,
    "throughput" : 11.609008590666356,
    "receivedKBytesPerSec" : 0.04534768980729045,
    "sentKBytesPerSec" : 0.351444596006501
  },
  "Location | GetResourcesNearby" : {
    "transaction" : "Location | GetResourcesNearby",
    "sampleCount" : 100,
    "errorCount" : 0,
    "errorPct" : 0.0,
    "meanResTime" : 2500.200000000001,
    "medianResTime" : 2470.0,
    "minResTime" : 246.0,
    "maxResTime" : 4315.0,
    "pct1ResTime" : 4129.400000000001,
    "pct2ResTime" : 4215.099999999999,
    "pct3ResTime" : 4314.97,
    "throughput" : 5.804841237592152,
    "receivedKBytesPerSec" : 0.8446497503918268,
    "sentKBytesPerSec" : 0.8106370087653103
  }
}