{
  "Resource 5 | GetTrack" : {
    "transaction" : "Resource 5 | GetTrack",
    "sampleCount" : 100,
    "errorCount" : 58,
    "errorPct" : 58.0,
    "meanResTime" : 669.02,
    "medianResTime" : 0.0,
    "minResTime" : 0.0,
    "maxResTime" : 3272.0,
    "pct1ResTime" : 2664.4000000000005,
    "pct2ResTime" : 2852.1499999999996,
    "pct3ResTime" : 3270.5499999999993,
    "throughput" : 5.8672392353003955E-8,
    "receivedKBytesPerSec" : 3.882254796659405E-6,
    "sentKBytesPerSec" : 8.422696949112873E-10
  },
  "Resource 5 | Open Connection" : {
    "transaction" : "Resource 5 | Open Connection",
    "sampleCount" : 100,
    "errorCount" : 58,
    "errorPct" : 58.0,
    "meanResTime" : 3503.6200000000013,
    "medianResTime" : 4186.0,
    "minResTime" : 9.0,
    "maxResTime" : 5046.0,
    "pct1ResTime" : 4841.6,
    "pct2ResTime" : 4936.85,
    "pct3ResTime" : 5045.85,
    "throughput" : 7.022965095863474,
    "receivedKBytesPerSec" : 0.41767438900203663,
    "sentKBytesPerSec" : 0.4810456756092422
  },
  "Resource 5 | AddLocation" : {
    "transaction" : "Resource 5 | AddLocation",
    "sampleCount" : 100,
    "errorCount" : 58,
    "errorPct" : 58.0,
    "meanResTime" : 637.48,
    "medianResTime" : 0.0,
    "minResTime" : 0.0,
    "maxResTime" : 3406.0,
    "pct1ResTime" : 2558.8,
    "pct2ResTime" : 2887.8999999999996,
    "pct3ResTime" : 3403.4299999999985,
    "throughput" : 5.867239238556953E-8,
    "receivedKBytesPerSec" : 3.296884236196944E-9,
    "sentKBytesPerSec" : 2.911846661166644E-9
  },
  "Total" : {
    "transaction" : "Total",
    "sampleCount" : 800,
    "errorCount" : 416,
    "errorPct" : 52.0,
    "meanResTime" : 1124.4924999999994,
    "medianResTime" : 1.0,
    "minResTime" : 0.0,
    "maxResTime" : 6102.0,
    "pct1ResTime" : 4437.9,
    "pct2ResTime" : 4833.0,
    "pct3ResTime" : 5017.0,
    "throughput" : 4.6937913840680677E-7,
    "receivedKBytesPerSec" : 3.8982980254782834E-6,
    "sentKBytesPerSec" : 1.6157826785976502E-8
  },
  "Resource 5 | GetLocation" : {
    "transaction" : "Resource 5 | GetLocation",
    "sampleCount" : 100,
    "errorCount" : 58,
    "errorPct" : 58.0,
    "meanResTime" : 432.0000000000002,
    "medianResTime" : 0.0,
    "minResTime" : 0.0,
    "maxResTime" : 3164.0,
    "pct1ResTime" : 1420.7000000000005,
    "pct2ResTime" : 1623.1499999999994,
    "pct3ResTime" : 3158.329999999997,
    "throughput" : 5.867239247720754E-8,
    "receivedKBytesPerSec" : 3.3266788156510446E-9,
    "sentKBytesPerSec" : 9.144642421252268E-10
  },
  "Resource 5 | PingPong Request" : {
    "transaction" : "Resource 5 | PingPong Request",
    "sampleCount" : 100,
    "errorCount" : 58,
    "errorPct" : 58.0,
    "meanResTime" : 0.6300000000000002,
    "medianResTime" : 0.0,
    "minResTime" : 0.0,
    "maxResTime" : 11.0,
    "pct1ResTime" : 1.0,
    "pct2ResTime" : 2.0,
    "pct3ResTime" : 10.969999999999985,
    "throughput" : 5.867239258612665E-8,
    "receivedKBytesPerSec" : 4.8129697043307014E-11,
    "sentKBytesPerSec" : 1.4438909112992105E-10
  },
  "Resource 5 | CloseConnection" : {
    "transaction" : "Resource 5 | CloseConnection",
    "sampleCount" : 200,
    "errorCount" : 92,
    "errorPct" : 46.0,
    "meanResTime" : 2.649999999999998,
    "medianResTime" : 0.0,
    "minResTime" : 0.0,
    "maxResTime" : 31.0,
    "pct1ResTime" : 11.0,
    "pct2ResTime" : 16.94999999999999,
    "pct3ResTime" : 26.0,
    "throughput" : 1.1734478460170169E-7,
    "receivedKBytesPerSec" : 2.475241550192145E-10,
    "sentKBytesPerSec" : 1.918312201398912E-9
  },
  "Location | GetResourcesNearby" : {
    "transaction" : "Location | GetResourcesNearby",
    "sampleCount" : 100,
    "errorCount" : 34,
    "errorPct" : 34.0,
    "meanResTime" : 3747.890000000002,
    "medianResTime" : 4063.5,
    "minResTime" : 766.0,
    "maxResTime" : 6102.0,
    "pct1ResTime" : 5016.0,
    "pct2ResTime" : 5017.0,
    "pct3ResTime" : 6092.909999999995,
    "throughput" : 6.358087487283825,
    "receivedKBytesPerSec" : 0.610599925292472,
    "sentKBytesPerSec" : 0.5860120088377416
  }
}