{
  "Resource 5 | GetTrack" : {
    "transaction" : "Resource 5 | GetTrack",
    "sampleCount" : 100,
    "errorCount" : 34,
    "errorPct" : 34.0,
    "meanResTime" : 1549.1300000000006,
    "medianResTime" : 1296.0,
    "minResTime" : 0.0,
    "maxResTime" : 5739.0,
    "pct1ResTime" : 3774.1000000000026,
    "pct2ResTime" : 4971.949999999998,
    "pct3ResTime" : 5738.21,
    "throughput" : 5.8681266554196194E-8,
    "receivedKBytesPerSec" : 5.7373442209424165E-6,
    "sentKBytesPerSec" : 1.3237668529315743E-9
  },
  "Resource 5 | Open Connection" : {
    "transaction" : "Resource 5 | Open Connection",
    "sampleCount" : 100,
    "errorCount" : 34,
    "errorPct" : 34.0,
    "meanResTime" : 3344.9800000000005,
    "medianResTime" : 3719.5,
    "minResTime" : 14.0,
    "maxResTime" : 4988.0,
    "pct1ResTime" : 4691.0,
    "pct2ResTime" : 4887.8,
    "pct3ResTime" : 4988.0,
    "throughput" : 7.095217823187172,
    "receivedKBytesPerSec" : 0.6630979938271605,
    "sentKBytesPerSec" : 0.7637059653043848
  },
  "Resource 5 | AddLocation" : {
    "transaction" : "Resource 5 | AddLocation",
    "sampleCount" : 100,
    "errorCount" : 34,
    "errorPct" : 34.0,
    "meanResTime" : 1456.34,
    "medianResTime" : 800.0,
    "minResTime" : 0.0,
    "maxResTime" : 5652.0,
    "pct1ResTime" : 4349.5,
    "pct2ResTime" : 5126.899999999998,
    "pct3ResTime" : 5651.46,
    "throughput" : 5.868126665546926E-8,
    "receivedKBytesPerSec" : 4.576451128032984E-9,
    "sentKBytesPerSec" : 4.576451128032984E-9
  },
  "Total" : {
    "transaction" : "Total",
    "sampleCount" : 800,
    "errorCount" : 316,
    "errorPct" : 39.5,
    "meanResTime" : 1599.9624999999999,
    "medianResTime" : 7.0,
    "minResTime" : 0.0,
    "maxResTime" : 9263.0,
    "pct1ResTime" : 4979.3,
    "pct2ResTime" : 5053.499999999999,
    "pct3ResTime" : 7412.050000000004,
    "throughput" : 4.6945013072697535E-7,
    "receivedKBytesPerSec" : 5.75608209116759E-6,
    "sentKBytesPerSec" : 1.9440461712380264E-8
  },
  "Resource 5 | GetLocation" : {
    "transaction" : "Resource 5 | GetLocation",
    "sampleCount" : 100,
    "errorCount" : 34,
    "errorPct" : 34.0,
    "meanResTime" : 1353.4500000000003,
    "medianResTime" : 909.0,
    "minResTime" : 0.0,
    "maxResTime" : 5781.0,
    "pct1ResTime" : 4596.100000000001,
    "pct2ResTime" : 5219.299999999998,
    "pct3ResTime" : 5780.139999999999,
    "throughput" : 5.868126673966262E-8,
    "receivedKBytesPerSec" : 4.592496793473206E-9,
    "sentKBytesPerSec" : 1.4372325877253306E-9
  },
  "Resource 5 | PingPong Request" : {
    "transaction" : "Resource 5 | PingPong Request",
    "sampleCount" : 100,
    "errorCount" : 34,
    "errorPct" : 34.0,
    "meanResTime" : 0.8899999999999999,
    "medianResTime" : 1.0,
    "minResTime" : 0.0,
    "maxResTime" : 4.0,
    "pct1ResTime" : 3.0,
    "pct2ResTime" : 3.0,
    "pct3ResTime" : 4.0,
    "throughput" : 5.868126691173387E-8,
    "receivedKBytesPerSec" : 7.564382062840694E-11,
    "sentKBytesPerSec" : 2.2693146188522082E-10
  },
  "Resource 5 | CloseConnection" : {
    "transaction" : "Resource 5 | CloseConnection",
    "sampleCount" : 200,
    "errorCount" : 90,
    "errorPct" : 45.0,
    "meanResTime" : 0.9950000000000002,
    "medianResTime" : 0.0,
    "minResTime" : 0.0,
    "maxResTime" : 7.0,
    "pct1ResTime" : 3.0,
    "pct2ResTime" : 6.0,
    "pct3ResTime" : 7.0,
    "throughput" : 1.1736253268174384E-7,
    "receivedKBytesPerSec" : 2.5214606630843403E-10,
    "sentKBytesPerSec" : 1.954132013890364E-9
  },
  "Location | GetResourcesNearby" : {
    "transaction" : "Location | GetResourcesNearby",
    "sampleCount" : 100,
    "errorCount" : 56,
    "errorPct" : 56.0,
    "meanResTime" : 5092.920000000001,
    "medianResTime" : 4999.0,
    "minResTime" : 1506.0,
    "maxResTime" : 9263.0,
    "pct1ResTime" : 6857.100000000001,
    "pct2ResTime" : 8097.949999999998,
    "pct3ResTime" : 9258.109999999997,
    "throughput" : 3.706037134492088,
    "receivedKBytesPerSec" : 0.23727323685283325,
    "sentKBytesPerSec" : 0.22771860986547085
  }
}