{
  "Resource 5 | GetTrack" : {
    "transaction" : "Resource 5 | GetTrack",
    "sampleCount" : 100,
    "errorCount" : 22,
    "errorPct" : 22.0,
    "meanResTime" : 859.73,
    "medianResTime" : 715.5,
    "minResTime" : 0.0,
    "maxResTime" : 2529.0,
    "pct1ResTime" : 2034.3000000000002,
    "pct2ResTime" : 2166.8,
    "pct3ResTime" : 2527.6999999999994,
    "throughput" : 5.8677637235604005E-8,
    "receivedKBytesPerSec" : 8.740526866712187E-7,
    "sentKBytesPerSec" : 1.5643549770820206E-9
  },
  "Resource 5 | Open Connection" : {
    "transaction" : "Resource 5 | Open Connection",
    "sampleCount" : 100,
    "errorCount" : 22,
    "errorPct" : 22.0,
    "meanResTime" : 2312.4500000000003,
    "medianResTime" : 2213.5,
    "minResTime" : 10.0,
    "maxResTime" : 4941.0,
    "pct1ResTime" : 4532.200000000001,
    "pct2ResTime" : 4743.9,
    "pct3ResTime" : 4941.0,
    "throughput" : 7.01311452416018,
    "receivedKBytesPerSec" : 0.7745930201977698,
    "sentKBytesPerSec" : 0.8921174784346728
  },
  "Resource 5 | AddLocation" : {
    "transaction" : "Resource 5 | AddLocation",
    "sampleCount" : 100,
    "errorCount" : 22,
    "errorPct" : 22.0,
    "meanResTime" : 847.7700000000004,
    "medianResTime" : 790.5,
    "minResTime" : 0.0,
    "maxResTime" : 2305.0,
    "pct1ResTime" : 1994.7000000000003,
    "pct2ResTime" : 2123.3499999999995,
    "pct3ResTime" : 2303.6999999999994,
    "throughput" : 5.867763731820313E-8,
    "receivedKBytesPerSec" : 5.274111073015055E-9,
    "sentKBytesPerSec" : 5.408198642667981E-9
  },
  "Total" : {
    "transaction" : "Total",
    "sampleCount" : 800,
    "errorCount" : 146,
    "errorPct" : 18.25,
    "meanResTime" : 1080.3362499999996,
    "medianResTime" : 225.0,
    "minResTime" : 0.0,
    "maxResTime" : 6322.0,
    "pct1ResTime" : 4065.6999999999994,
    "pct2ResTime" : 4804.249999999997,
    "pct3ResTime" : 6060.63,
    "throughput" : 4.694210972986846E-7,
    "receivedKBytesPerSec" : 8.995195823415981E-7,
    "sentKBytesPerSec" : 2.7061621998324803E-8
  },
  "Resource 5 | GetLocation" : {
    "transaction" : "Resource 5 | GetLocation",
    "sampleCount" : 100,
    "errorCount" : 22,
    "errorPct" : 22.0,
    "meanResTime" : 626.0100000000003,
    "medianResTime" : 435.5,
    "minResTime" : 0.0,
    "maxResTime" : 2212.0,
    "pct1ResTime" : 1692.9,
    "pct2ResTime" : 2063.6999999999994,
    "pct3ResTime" : 2211.4999999999995,
    "throughput" : 5.867763737363649E-8,
    "receivedKBytesPerSec" : 5.290155744466914E-9,
    "sentKBytesPerSec" : 1.6984425505415874E-9
  },
  "Resource 5 | PingPong Request" : {
    "transaction" : "Resource 5 | PingPong Request",
    "sampleCount" : 100,
    "errorCount" : 22,
    "errorPct" : 22.0,
    "meanResTime" : 0.91,
    "medianResTime" : 1.0,
    "minResTime" : 0.0,
    "maxResTime" : 5.0,
    "pct1ResTime" : 2.0,
    "pct2ResTime" : 3.0,
    "pct3ResTime" : 4.97999999999999,
    "throughput" : 5.8677637389061414E-8,
    "receivedKBytesPerSec" : 8.939171320989824E-11,
    "sentKBytesPerSec" : 2.681751396296947E-10
  },
  "Resource 5 | CloseConnection" : {
    "transaction" : "Resource 5 | CloseConnection",
    "sampleCount" : 200,
    "errorCount" : 29,
    "errorPct" : 14.5,
    "meanResTime" : 0.6600000000000004,
    "medianResTime" : 1.0,
    "minResTime" : 0.0,
    "maxResTime" : 4.0,
    "pct1ResTime" : 2.0,
    "pct2ResTime" : 2.0,
    "pct3ResTime" : 3.0,
    "throughput" : 1.1735527432467115E-7,
    "receivedKBytesPerSec" : 3.9194827948278843E-10,
    "sentKBytesPerSec" : 3.0375991659916103E-9
  },
  "Location | GetResourcesNearby" : {
    "transaction" : "Location | GetResourcesNearby",
    "sampleCount" : 100,
    "errorCount" : 7,
    "errorPct" : 7.0,
    "meanResTime" : 3994.5,
    "medianResTime" : 4211.5,
    "minResTime" : 182.0,
    "maxResTime" : 6322.0,
    "pct1ResTime" : 5895.500000000001,
    "pct2ResTime" : 6151.75,
    "pct3ResTime" : 6321.55,
    "throughput" : 4.830451164138731,
    "receivedKBytesPerSec" : 0.6536675955221717,
    "sentKBytesPerSec" : 0.6273454104675876
  }
}