{
  "Resource 5 | GetTrack" : {
    "transaction" : "Resource 5 | GetTrack",
    "sampleCount" : 100,
    "errorCount" : 92,
    "errorPct" : 92.0,
    "meanResTime" : 1459.15,
    "medianResTime" : 0.0,
    "minResTime" : 0.0,
    "maxResTime" : 6006.0,
    "pct1ResTime" : 6005.9,
    "pct2ResTime" : 6006.0,
    "pct3ResTime" : 6006.0,
    "throughput" : 5.86776671470064E-8,
    "receivedKBytesPerSec" : 8.465084370890859E-7,
    "sentKBytesPerSec" : 6.016752978941085E-10
  },
  "Resource 5 | Open Connection" : {
    "transaction" : "Resource 5 | Open Connection",
    "sampleCount" : 100,
    "errorCount" : 70,
    "errorPct" : 70.0,
    "meanResTime" : 4015.19,
    "medianResTime" : 4295.5,
    "minResTime" : 13.0,
    "maxResTime" : 4994.0,
    "pct1ResTime" : 4889.7,
    "pct2ResTime" : 4989.8,
    "pct3ResTime" : 4994.0,
    "throughput" : 6.954102920723227,
    "receivedKBytesPerSec" : 0.2954135518080667,
    "sentKBytesPerSec" : 0.34023491828929064
  },
  "Resource 5 | AddLocation" : {
    "transaction" : "Resource 5 | AddLocation",
    "sampleCount" : 100,
    "errorCount" : 85,
    "errorPct" : 85.0,
    "meanResTime" : 1327.5199999999998,
    "medianResTime" : 0.0,
    "minResTime" : 0.0,
    "maxResTime" : 6006.0,
    "pct1ResTime" : 6004.0,
    "pct2ResTime" : 6004.0,
    "pct3ResTime" : 6006.0,
    "throughput" : 5.8677667349872E-8,
    "receivedKBytesPerSec" : 1.0572294556690804E-9,
    "sentKBytesPerSec" : 2.080077465625345E-9
  },
  "Total" : {
    "transaction" : "Total",
    "sampleCount" : 800,
    "errorCount" : 678,
    "errorPct" : 84.75,
    "meanResTime" : 1655.82125,
    "medianResTime" : 0.0,
    "minResTime" : 0.0,
    "maxResTime" : 6006.0,
    "pct1ResTime" : 4999.0,
    "pct2ResTime" : 6004.0,
    "pct3ResTime" : 6006.0,
    "throughput" : 4.694213358635534E-7,
    "receivedKBytesPerSec" : 8.508112726263082E-7,
    "sentKBytesPerSec" : 6.841907654065952E-9
  },
  "Resource 5 | GetLocation" : {
    "transaction" : "Resource 5 | GetLocation",
    "sampleCount" : 100,
    "errorCount" : 91,
    "errorPct" : 91.0,
    "meanResTime" : 1590.49,
    "medianResTime" : 0.0,
    "minResTime" : 0.0,
    "maxResTime" : 6006.0,
    "pct1ResTime" : 6005.0,
    "pct2ResTime" : 6006.0,
    "pct3ResTime" : 6006.0,
    "throughput" : 5.8677667556559403E-8,
    "receivedKBytesPerSec" : 6.498093262611169E-10,
    "sentKBytesPerSec" : 6.53247470844509E-10
  },
  "Resource 5 | PingPong Request" : {
    "transaction" : "Resource 5 | PingPong Request",
    "sampleCount" : 100,
    "errorCount" : 70,
    "errorPct" : 70.0,
    "meanResTime" : 0.33999999999999997,
    "medianResTime" : 0.0,
    "minResTime" : 0.0,
    "maxResTime" : 4.0,
    "pct1ResTime" : 1.0,
    "pct2ResTime" : 1.9499999999999886,
    "pct3ResTime" : 3.989999999999995,
    "throughput" : 5.867766776335011E-8,
    "receivedKBytesPerSec" : 3.438144595508796E-11,
    "sentKBytesPerSec" : 1.0314433786526387E-10
  },
  "Resource 5 | CloseConnection" : {
    "transaction" : "Resource 5 | CloseConnection",
    "sampleCount" : 200,
    "errorCount" : 170,
    "errorPct" : 85.0,
    "meanResTime" : 0.10499999999999997,
    "medianResTime" : 0.0,
    "minResTime" : 0.0,
    "maxResTime" : 1.0,
    "pct1ResTime" : 1.0,
    "pct2ResTime" : 1.0,
    "pct3ResTime" : 1.0,
    "throughput" : 1.1735533429394394E-7,
    "receivedKBytesPerSec" : 6.876289118785777E-11,
    "sentKBytesPerSec" : 5.329124067058977E-10
  },
  "Location | GetResourcesNearby" : {
    "transaction" : "Location | GetResourcesNearby",
    "sampleCount" : 100,
    "errorCount" : 100,
    "errorPct" : 100.0,
    "meanResTime" : 4853.6699999999955,
    "medianResTime" : 4995.0,
    "minResTime" : 4083.0,
    "maxResTime" : 5001.0,
    "pct1ResTime" : 4999.0,
    "pct2ResTime" : 5000.0,
    "pct3ResTime" : 5001.0,
    "throughput" : 4.350474201687984,
    "receivedKBytesPerSec" : 0.0,
    "sentKBytesPerSec" : 0.0
  }
}