{
  "Resource 5 | GetTrack" : {
    "transaction" : "Resource 5 | GetTrack",
    "sampleCount" : 100,
    "errorCount" : 53,
    "errorPct" : 53.0,
    "meanResTime" : 740.4900000000001,
    "medianResTime" : 0.0,
    "minResTime" : 0.0,
    "maxResTime" : 3136.0,
    "pct1ResTime" : 2441.5000000000005,
    "pct2ResTime" : 2834.2499999999977,
    "pct3ResTime" : 3135.3999999999996,
    "throughput" : 5.867241676428502E-8,
    "receivedKBytesPerSec" : 4.347598579538161E-6,
    "sentKBytesPerSec" : 9.425402888403209E-10
  },
  "Resource 5 | Open Connection" : {
    "transaction" : "Resource 5 | Open Connection",
    "sampleCount" : 100,
    "errorCount" : 53,
    "errorPct" : 53.0,
    "meanResTime" : 3520.860000000001,
    "medianResTime" : 4275.0,
    "minResTime" : 8.0,
    "maxResTime" : 5183.0,
    "pct1ResTime" : 4951.400000000001,
    "pct2ResTime" : 5066.4,
    "pct3ResTime" : 5182.84,
    "throughput" : 7.036307345904869,
    "receivedKBytesPerSec" : 0.468285493772868,
    "sentKBytesPerSec" : 0.5393357066211653
  },
  "Resource 5 | AddLocation" : {
    "transaction" : "Resource 5 | AddLocation",
    "sampleCount" : 100,
    "errorCount" : 53,
    "errorPct" : 53.0,
    "meanResTime" : 739.5099999999999,
    "medianResTime" : 0.0,
    "minResTime" : 0.0,
    "maxResTime" : 3225.0,
    "pct1ResTime" : 2522.7000000000007,
    "pct2ResTime" : 2865.849999999999,
    "pct3ResTime" : 3223.059999999999,
    "throughput" : 5.8672416807935314E-8,
    "receivedKBytesPerSec" : 3.6893719904911666E-9,
    "sentKBytesPerSec" : 3.2584964295578917E-9
  },
  "Total" : {
    "transaction" : "Total",
    "sampleCount" : 800,
    "errorCount" : 404,
    "errorPct" : 50.5,
    "meanResTime" : 1167.0737499999998,
    "medianResTime" : 2.0,
    "minResTime" : 0.0,
    "maxResTime" : 6288.0,
    "pct1ResTime" : 4527.2,
    "pct2ResTime" : 4955.9,
    "pct3ResTime" : 5066.88,
    "throughput" : 4.6937933403551673E-7,
    "receivedKBytesPerSec" : 4.3640543581952175E-6,
    "sentKBytesPerSec" : 1.6400773995889445E-8
  },
  "Resource 5 | GetLocation" : {
    "transaction" : "Resource 5 | GetLocation",
    "sampleCount" : 100,
    "errorCount" : 53,
    "errorPct" : 53.0,
    "meanResTime" : 530.1899999999995,
    "medianResTime" : 0.0,
    "minResTime" : 0.0,
    "maxResTime" : 2760.0,
    "pct1ResTime" : 1637.0000000000005,
    "pct2ResTime" : 2195.2499999999986,
    "pct3ResTime" : 2758.8899999999994,
    "throughput" : 5.8672416890382047E-8,
    "receivedKBytesPerSec" : 3.7031233433841716E-9,
    "sentKBytesPerSec" : 1.023329458654515E-9
  },
  "Resource 5 | PingPong Request" : {
    "transaction" : "Resource 5 | PingPong Request",
    "sampleCount" : 100,
    "errorCount" : 53,
    "errorPct" : 53.0,
    "meanResTime" : 2.4600000000000004,
    "medianResTime" : 0.0,
    "minResTime" : 0.0,
    "maxResTime" : 40.0,
    "pct1ResTime" : 1.9000000000000057,
    "pct2ResTime" : 23.0,
    "pct3ResTime" : 39.97999999999999,
    "throughput" : 5.867241698047102E-8,
    "receivedKBytesPerSec" : 5.3859445275041765E-11,
    "sentKBytesPerSec" : 1.615783358251253E-10
  },
  "Resource 5 | CloseConnection" : {
    "transaction" : "Resource 5 | CloseConnection",
    "sampleCount" : 200,
    "errorCount" : 96,
    "errorPct" : 48.0,
    "meanResTime" : 2.6649999999999996,
    "medianResTime" : 0.0,
    "minResTime" : 0.0,
    "maxResTime" : 43.0,
    "pct1ResTime" : 7.0,
    "pct2ResTime" : 14.899999999999977,
    "pct3ResTime" : 42.88000000000011,
    "throughput" : 1.1734483350887918E-7,
    "receivedKBytesPerSec" : 2.383566930649109E-10,
    "sentKBytesPerSec" : 1.8472643712530592E-9
  },
  "Location | GetResourcesNearby" : {
    "transaction" : "Location | GetResourcesNearby",
    "sampleCount" : 100,
    "errorCount" : 43,
    "errorPct" : 43.0,
    "meanResTime" : 3797.7499999999986,
    "medianResTime" : 4184.0,
    "minResTime" : 281.0,
    "maxResTime" : 6288.0,
    "pct1ResTime" : 5025.2,
    "pct2ResTime" : 5033.0,
    "pct3ResTime" : 6284.269999999998,
    "throughput" : 6.080136195050769,
    "receivedKBytesPerSec" : 0.5042831709430291,
    "sentKBytesPerSec" : 0.48397646607284006
  }
}