{
  "Resource 5 | GetTrack" : {
    "transaction" : "Resource 5 | GetTrack",
    "sampleCount" : 100,
    "errorCount" : 97,
    "errorPct" : 97.0,
    "meanResTime" : 1259.2099999999998,
    "medianResTime" : 0.0,
    "minResTime" : 0.0,
    "maxResTime" : 6006.0,
    "pct1ResTime" : 6004.0,
    "pct2ResTime" : 6005.0,
    "pct3ResTime" : 6006.0,
    "throughput" : 5.8665484582289324E-8,
    "receivedKBytesPerSec" : 2.48466602879415E-6,
    "sentKBytesPerSec" : 4.6118862391350495E-10
  },
  "Resource 5 | Open Connection" : {
    "transaction" : "Resource 5 | Open Connection",
    "sampleCount" : 100,
    "errorCount" : 77,
    "errorPct" : 77.0,
    "meanResTime" : 4031.97,
    "medianResTime" : 4343.5,
    "minResTime" : 22.0,
    "maxResTime" : 5077.0,
    "pct1ResTime" : 4911.8,
    "pct2ResTime" : 4998.9,
    "pct3ResTime" : 5076.25,
    "throughput" : 6.802258349772124,
    "receivedKBytesPerSec" : 0.221538394496973,
    "sentKBytesPerSec" : 0.25515111642065164
  },
  "Resource 5 | AddLocation" : {
    "transaction" : "Resource 5 | AddLocation",
    "sampleCount" : 100,
    "errorCount" : 96,
    "errorPct" : 96.0,
    "meanResTime" : 1172.09,
    "medianResTime" : 0.0,
    "minResTime" : 0.0,
    "maxResTime" : 6006.0,
    "pct1ResTime" : 6005.0,
    "pct2ResTime" : 6006.0,
    "pct3ResTime" : 6006.0,
    "throughput" : 5.866548478892533E-8,
    "receivedKBytesPerSec" : 2.749944599480875E-10,
    "sentKBytesPerSec" : 1.5943949625740158E-9
  },
  "Total" : {
    "transaction" : "Total",
    "sampleCount" : 800,
    "errorCount" : 702,
    "errorPct" : 87.75,
    "meanResTime" : 1485.7812500000016,
    "medianResTime" : 0.0,
    "minResTime" : 0.0,
    "maxResTime" : 8924.0,
    "pct1ResTime" : 4997.9,
    "pct2ResTime" : 6003.0,
    "pct3ResTime" : 6006.0,
    "throughput" : 4.6932387539151604E-7,
    "receivedKBytesPerSec" : 2.4884752682392483E-6,
    "sentKBytesPerSec" : 5.344058971743239E-9
  },
  "Resource 5 | GetLocation" : {
    "transaction" : "Resource 5 | GetLocation",
    "sampleCount" : 100,
    "errorCount" : 79,
    "errorPct" : 79.0,
    "meanResTime" : 499.3800000000001,
    "medianResTime" : 0.0,
    "minResTime" : 0.0,
    "maxResTime" : 6009.0,
    "pct1ResTime" : 2042.9000000000005,
    "pct2ResTime" : 2474.7999999999993,
    "pct3ResTime" : 6008.96,
    "throughput" : 5.866548499556135E-8,
    "receivedKBytesPerSec" : 1.4591893582392065E-9,
    "sentKBytesPerSec" : 5.007190809191466E-10
  },
  "Resource 5 | PingPong Request" : {
    "transaction" : "Resource 5 | PingPong Request",
    "sampleCount" : 100,
    "errorCount" : 77,
    "errorPct" : 77.0,
    "meanResTime" : 0.4099999999999999,
    "medianResTime" : 0.0,
    "minResTime" : 0.0,
    "maxResTime" : 4.0,
    "pct1ResTime" : 2.0,
    "pct2ResTime" : 2.0,
    "pct3ResTime" : 4.0,
    "throughput" : 5.866548520223178E-8,
    "receivedKBytesPerSec" : 2.6353635930690058E-11,
    "sentKBytesPerSec" : 7.906090779207017E-11
  },
  "Resource 5 | CloseConnection" : {
    "transaction" : "Resource 5 | CloseConnection",
    "sampleCount" : 200,
    "errorCount" : 176,
    "errorPct" : 88.0,
    "meanResTime" : 0.285,
    "medianResTime" : 0.0,
    "minResTime" : 0.0,
    "maxResTime" : 26.0,
    "pct1ResTime" : 0.0,
    "pct2ResTime" : 1.0,
    "pct3ResTime" : 5.980000000000018,
    "throughput" : 1.1733096916450981E-7,
    "receivedKBytesPerSec" : 5.499889179586397E-11,
    "sentKBytesPerSec" : 4.2624141141794576E-10
  },
  "Location | GetResourcesNearby" : {
    "transaction" : "Location | GetResourcesNearby",
    "sampleCount" : 100,
    "errorCount" : 100,
    "errorPct" : 100.0,
    "meanResTime" : 4922.619999999999,
    "medianResTime" : 4991.5,
    "minResTime" : 4031.0,
    "maxResTime" : 8924.0,
    "pct1ResTime" : 5007.5,
    "pct2ResTime" : 5085.0,
    "pct3ResTime" : 8885.65999999998,
    "throughput" : 3.901982206961136,
    "receivedKBytesPerSec" : 0.005525267773528953,
    "sentKBytesPerSec" : 0.005449057183549243
  }
}