{
  "Resource 5 | GetTrack" : {
    "transaction" : "Resource 5 | GetTrack",
    "sampleCount" : 100,
    "errorCount" : 39,
    "errorPct" : 39.0,
    "meanResTime" : 1090.3,
    "medianResTime" : 888.0,
    "minResTime" : 0.0,
    "maxResTime" : 5484.0,
    "pct1ResTime" : 2545.4000000000005,
    "pct2ResTime" : 3190.0499999999993,
    "pct3ResTime" : 5483.169999999999,
    "throughput" : 5.8671793533746676E-8,
    "receivedKBytesPerSec" : 4.953114636690457E-6,
    "sentKBytesPerSec" : 1.2232839765092692E-9
  },
  "Resource 5 | Open Connection" : {
    "transaction" : "Resource 5 | Open Connection",
    "sampleCount" : 100,
    "errorCount" : 39,
    "errorPct" : 39.0,
    "meanResTime" : 3405.179999999999,
    "medianResTime" : 4061.5,
    "minResTime" : 7.0,
    "maxResTime" : 4955.0,
    "pct1ResTime" : 4703.0,
    "pct2ResTime" : 4775.05,
    "pct3ResTime" : 4954.98,
    "throughput" : 7.352400558782443,
    "receivedKBytesPerSec" : 0.6350779584221748,
    "sentKBytesPerSec" : 0.7314346141827807
  },
  "Resource 5 | AddLocation" : {
    "transaction" : "Resource 5 | AddLocation",
    "sampleCount" : 100,
    "errorCount" : 42,
    "errorPct" : 42.0,
    "meanResTime" : 1484.4900000000005,
    "medianResTime" : 544.5,
    "minResTime" : 0.0,
    "maxResTime" : 6005.0,
    "pct1ResTime" : 5496.8,
    "pct2ResTime" : 5961.449999999997,
    "pct3ResTime" : 6005.0,
    "throughput" : 5.8671793624315674E-8,
    "receivedKBytesPerSec" : 4.021080543510229E-9,
    "sentKBytesPerSec" : 4.229067468174551E-9
  },
  "Total" : {
    "transaction" : "Total",
    "sampleCount" : 800,
    "errorCount" : 316,
    "errorPct" : 39.5,
    "meanResTime" : 1584.1274999999998,
    "medianResTime" : 7.0,
    "minResTime" : 0.0,
    "maxResTime" : 9637.0,
    "pct1ResTime" : 4854.9,
    "pct2ResTime" : 5755.299999999997,
    "pct3ResTime" : 9527.220000000001,
    "throughput" : 4.693743471397714E-7,
    "receivedKBytesPerSec" : 4.972251713624335E-6,
    "sentKBytesPerSec" : 2.0291043859384603E-8
  },
  "Resource 5 | GetLocation" : {
    "transaction" : "Resource 5 | GetLocation",
    "sampleCount" : 100,
    "errorCount" : 39,
    "errorPct" : 39.0,
    "meanResTime" : 1211.6399999999996,
    "medianResTime" : 645.5,
    "minResTime" : 0.0,
    "maxResTime" : 5448.0,
    "pct1ResTime" : 3044.100000000001,
    "pct2ResTime" : 5409.099999999999,
    "pct3ResTime" : 5447.96,
    "throughput" : 5.867179373037539E-8,
    "receivedKBytesPerSec" : 4.243964610946197E-9,
    "sentKBytesPerSec" : 1.328136893232521E-9
  },
  "Resource 5 | PingPong Request" : {
    "transaction" : "Resource 5 | PingPong Request",
    "sampleCount" : 100,
    "errorCount" : 39,
    "errorPct" : 39.0,
    "meanResTime" : 0.8099999999999999,
    "medianResTime" : 1.0,
    "minResTime" : 0.0,
    "maxResTime" : 4.0,
    "pct1ResTime" : 2.0,
    "pct2ResTime" : 2.0,
    "pct3ResTime" : 3.989999999999995,
    "throughput" : 5.8671793917916226E-8,
    "receivedKBytesPerSec" : 6.990194197251737E-11,
    "sentKBytesPerSec" : 2.0970582591755212E-10
  },
  "Resource 5 | CloseConnection" : {
    "transaction" : "Resource 5 | CloseConnection",
    "sampleCount" : 200,
    "errorCount" : 75,
    "errorPct" : 37.5,
    "meanResTime" : 1.7500000000000013,
    "medianResTime" : 0.0,
    "minResTime" : 0.0,
    "maxResTime" : 60.0,
    "pct1ResTime" : 6.0,
    "pct2ResTime" : 7.0,
    "pct3ResTime" : 10.980000000000018,
    "throughput" : 1.1734358678494285E-7,
    "receivedKBytesPerSec" : 2.864833661741769E-10,
    "sentKBytesPerSec" : 2.220246087849871E-9
  },
  "Location | GetResourcesNearby" : {
    "transaction" : "Location | GetResourcesNearby",
    "sampleCount" : 100,
    "errorCount" : 43,
    "errorPct" : 43.0,
    "meanResTime" : 5477.099999999999,
    "medianResTime" : 4900.0,
    "minResTime" : 1176.0,
    "maxResTime" : 9637.0,
    "pct1ResTime" : 9159.6,
    "pct2ResTime" : 9629.5,
    "pct3ResTime" : 9636.99,
    "throughput" : 3.544590954203885,
    "receivedKBytesPerSec" : 0.3291208085211967,
    "sentKBytesPerSec" : 0.3167978165319722
  }
}