{
  "Resource 5 | GetTrack" : {
    "transaction" : "Resource 5 | GetTrack",
    "sampleCount" : 100,
    "errorCount" : 15,
    "errorPct" : 15.0,
    "meanResTime" : 878.7100000000002,
    "medianResTime" : 886.5,
    "minResTime" : 0.0,
    "maxResTime" : 1806.0,
    "pct1ResTime" : 1618.0,
    "pct2ResTime" : 1694.3499999999997,
    "pct3ResTime" : 1805.2899999999997,
    "throughput" : 5.867179927381154E-8,
    "receivedKBytesPerSec" : 9.789235007802215E-7,
    "sentKBytesPerSec" : 1.7045761996053647E-9
  },
  "Resource 5 | Open Connection" : {
    "transaction" : "Resource 5 | Open Connection",
    "sampleCount" : 100,
    "errorCount" : 15,
    "errorPct" : 15.0,
    "meanResTime" : 2607.4000000000005,
    "medianResTime" : 2487.5,
    "minResTime" : 12.0,
    "maxResTime" : 4681.0,
    "pct1ResTime" : 4432.2,
    "pct2ResTime" : 4557.7,
    "pct3ResTime" : 4680.91,
    "throughput" : 7.137249304118193,
    "receivedKBytesPerSec" : 0.8590488054028977,
    "sentKBytesPerSec" : 0.9893872448433374
  },
  "Resource 5 | AddLocation" : {
    "transaction" : "Resource 5 | AddLocation",
    "sampleCount" : 100,
    "errorCount" : 15,
    "errorPct" : 15.0,
    "meanResTime" : 878.17,
    "medianResTime" : 882.5,
    "minResTime" : 0.0,
    "maxResTime" : 1813.0,
    "pct1ResTime" : 1620.0,
    "pct2ResTime" : 1662.8,
    "pct3ResTime" : 1812.2299999999996,
    "throughput" : 5.867179930437989E-8,
    "receivedKBytesPerSec" : 5.795559081677759E-9,
    "sentKBytesPerSec" : 5.892963435991671E-9
  },
  "Total" : {
    "transaction" : "Total",
    "sampleCount" : 800,
    "errorCount" : 118,
    "errorPct" : 14.75,
    "meanResTime" : 1117.3212499999988,
    "medianResTime" : 473.0,
    "minResTime" : 0.0,
    "maxResTime" : 5899.0,
    "pct1ResTime" : 3904.3999999999996,
    "pct2ResTime" : 4390.9,
    "pct3ResTime" : 4953.700000000001,
    "throughput" : 4.6937439354167257E-7,
    "receivedKBytesPerSec" : 1.0054232134178957E-6,
    "sentKBytesPerSec" : 2.795734150204147E-8
  },
  "Resource 5 | GetLocation" : {
    "transaction" : "Resource 5 | GetLocation",
    "sampleCount" : 100,
    "errorCount" : 15,
    "errorPct" : 15.0,
    "meanResTime" : 858.9599999999999,
    "medianResTime" : 854.0,
    "minResTime" : 0.0,
    "maxResTime" : 1829.0,
    "pct1ResTime" : 1671.4,
    "pct2ResTime" : 1744.0499999999995,
    "pct3ResTime" : 1828.5199999999998,
    "throughput" : 5.8671799332779515E-8,
    "receivedKBytesPerSec" : 5.8110291878227525E-9,
    "sentKBytesPerSec" : 1.8506827328601352E-9
  },
  "Resource 5 | PingPong Request" : {
    "transaction" : "Resource 5 | PingPong Request",
    "sampleCount" : 100,
    "errorCount" : 15,
    "errorPct" : 15.0,
    "meanResTime" : 1.01,
    "medianResTime" : 1.0,
    "minResTime" : 0.0,
    "maxResTime" : 5.0,
    "pct1ResTime" : 2.0,
    "pct2ResTime" : 2.0,
    "pct3ResTime" : 4.989999999999995,
    "throughput" : 5.867179937680756E-8,
    "receivedKBytesPerSec" : 9.740435443415318E-11,
    "sentKBytesPerSec" : 2.922130633024595E-10
  },
  "Resource 5 | CloseConnection" : {
    "transaction" : "Resource 5 | CloseConnection",
    "sampleCount" : 200,
    "errorCount" : 29,
    "errorPct" : 14.5,
    "meanResTime" : 0.9499999999999995,
    "medianResTime" : 1.0,
    "minResTime" : 0.0,
    "maxResTime" : 5.0,
    "pct1ResTime" : 2.0,
    "pct2ResTime" : 3.0,
    "pct3ResTime" : 4.990000000000009,
    "throughput" : 1.1734359838541814E-7,
    "receivedKBytesPerSec" : 3.919092836700489E-10,
    "sentKBytesPerSec" : 3.037296948442879E-9
  },
  "Location | GetResourcesNearby" : {
    "transaction" : "Location | GetResourcesNearby",
    "sampleCount" : 100,
    "errorCount" : 14,
    "errorPct" : 14.0,
    "meanResTime" : 3712.4200000000005,
    "medianResTime" : 3935.0,
    "minResTime" : 611.0,
    "maxResTime" : 5899.0,
    "pct1ResTime" : 4862.5,
    "pct2ResTime" : 5350.749999999997,
    "pct3ResTime" : 5896.569999999999,
    "throughput" : 5.2789948793749675,
    "receivedKBytesPerSec" : 0.6605960975030354,
    "sentKBytesPerSec" : 0.633994912368685
  }
}