{
  "Resource 5 | GetTrack" : {
    "transaction" : "Resource 5 | GetTrack",
    "sampleCount" : 100,
    "errorCount" : 81,
    "errorPct" : 81.0,
    "meanResTime" : 670.27,
    "medianResTime" : 0.0,
    "minResTime" : 0.0,
    "maxResTime" : 6007.0,
    "pct1ResTime" : 1916.7000000000025,
    "pct2ResTime" : 5960.69999999999,
    "pct3ResTime" : 6006.99,
    "throughput" : 5.867163335128794E-8,
    "receivedKBytesPerSec" : 4.175769581958527E-6,
    "sentKBytesPerSec" : 4.812907423347839E-10
  },
  "Resource 5 | Open Connection" : {
    "transaction" : "Resource 5 | Open Connection",
    "sampleCount" : 100,
    "errorCount" : 76,
    "errorPct" : 76.0,
    "meanResTime" : 3758.62,
    "medianResTime" : 4405.5,
    "minResTime" : 11.0,
    "maxResTime" : 5026.0,
    "pct1ResTime" : 4904.0,
    "pct2ResTime" : 4992.0,
    "pct3ResTime" : 5025.84,
    "throughput" : 7.026419336706015,
    "receivedKBytesPerSec" : 0.23878846964586847,
    "sentKBytesPerSec" : 0.27501844435075884
  },
  "Resource 5 | AddLocation" : {
    "transaction" : "Resource 5 | AddLocation",
    "sampleCount" : 100,
    "errorCount" : 90,
    "errorPct" : 90.0,
    "meanResTime" : 897.4699999999999,
    "medianResTime" : 0.0,
    "minResTime" : 0.0,
    "maxResTime" : 6006.0,
    "pct1ResTime" : 6004.9,
    "pct2ResTime" : 6006.0,
    "pct3ResTime" : 6006.0,
    "throughput" : 5.867163355803611E-8,
    "receivedKBytesPerSec" : 7.047471609021916E-10,
    "sentKBytesPerSec" : 1.6638908579349304E-9
  },
  "Total" : {
    "transaction" : "Total",
    "sampleCount" : 800,
    "errorCount" : 678,
    "errorPct" : 84.75,
    "meanResTime" : 1309.7637500000021,
    "medianResTime" : 0.0,
    "minResTime" : 0.0,
    "maxResTime" : 6007.0,
    "pct1ResTime" : 4979.0,
    "pct2ResTime" : 5007.0,
    "pct3ResTime" : 6006.0,
    "throughput" : 4.6937306569910947E-7,
    "receivedKBytesPerSec" : 4.180043892226758E-6,
    "sentKBytesPerSec" : 5.472963285593132E-9
  },
  "Resource 5 | GetLocation" : {
    "transaction" : "Resource 5 | GetLocation",
    "sampleCount" : 100,
    "errorCount" : 79,
    "errorPct" : 79.0,
    "meanResTime" : 316.7900000000001,
    "medianResTime" : 0.0,
    "minResTime" : 0.0,
    "maxResTime" : 6006.0,
    "pct1ResTime" : 797.5,
    "pct2ResTime" : 874.95,
    "pct3ResTime" : 6005.99,
    "throughput" : 5.867163361011903E-8,
    "receivedKBytesPerSec" : 1.4931472381637714E-9,
    "sentKBytesPerSec" : 5.225442368401226E-10
  },
  "Resource 5 | PingPong Request" : {
    "transaction" : "Resource 5 | PingPong Request",
    "sampleCount" : 100,
    "errorCount" : 76,
    "errorPct" : 76.0,
    "meanResTime" : 1.63,
    "medianResTime" : 0.0,
    "minResTime" : 0.0,
    "maxResTime" : 16.0,
    "pct1ResTime" : 9.0,
    "pct2ResTime" : 10.0,
    "pct3ResTime" : 15.989999999999995,
    "throughput" : 5.8671633816832785E-8,
    "receivedKBytesPerSec" : 2.7502328351640364E-11,
    "sentKBytesPerSec" : 8.25069850549211E-11
  },
  "Resource 5 | CloseConnection" : {
    "transaction" : "Resource 5 | CloseConnection",
    "sampleCount" : 200,
    "errorCount" : 176,
    "errorPct" : 88.0,
    "meanResTime" : 0.1449999999999999,
    "medianResTime" : 0.0,
    "minResTime" : 0.0,
    "maxResTime" : 18.0,
    "pct1ResTime" : 0.0,
    "pct2ResTime" : 1.0,
    "pct3ResTime" : 1.0,
    "throughput" : 1.1734326670257588E-7,
    "receivedKBytesPerSec" : 5.500465626683244E-11,
    "sentKBytesPerSec" : 4.262860860679514E-10
  },
  "Location | GetResourcesNearby" : {
    "transaction" : "Location | GetResourcesNearby",
    "sampleCount" : 100,
    "errorCount" : 100,
    "errorPct" : 100.0,
    "meanResTime" : 4833.040000000002,
    "medianResTime" : 4979.0,
    "minResTime" : 4019.0,
    "maxResTime" : 5033.0,
    "pct1ResTime" : 5024.4,
    "pct2ResTime" : 5027.0,
    "pct3ResTime" : 5032.99,
    "throughput" : 5.455537370430988,
    "receivedKBytesPerSec" : 0.0,
    "sentKBytesPerSec" : 0.0
  }
}