{
  "Resource 5 | GetTrack" : {
    "transaction" : "Resource 5 | GetTrack",
    "sampleCount" : 100,
    "errorCount" : 0,
    "errorPct" : 0.0,
    "meanResTime" : 1059.2100000000003,
    "medianResTime" : 1193.5,
    "minResTime" : 43.0,
    "maxResTime" : 2057.0,
    "pct1ResTime" : 1802.2000000000005,
    "pct2ResTime" : 1917.1,
    "pct3ResTime" : 2056.74,
    "throughput" : 5.371146202599634,
    "receivedKBytesPerSec" : 111.10929275432377,
    "sentKBytesPerSec" : 0.18358409872166723
  },
  "Resource 5 | Open Connection" : {
    "transaction" : "Resource 5 | Open Connection",
    "sampleCount" : 100,
    "errorCount" : 0,
    "errorPct" : 0.0,
    "meanResTime" : 2082.2,
    "medianResTime" : 2083.5,
    "minResTime" : 13.0,
    "maxResTime" : 4083.0,
    "pct1ResTime" : 3767.4000000000005,
    "pct2ResTime" : 3889.2999999999993,
    "pct3ResTime" : 4082.95,
    "throughput" : 7.150518412584912,
    "receivedKBytesPerSec" : 1.0125245799070433,
    "sentKBytesPerSec" : 1.1661489989274223
  },
  "Resource 5 | AddLocation" : {
    "transaction" : "Resource 5 | AddLocation",
    "sampleCount" : 100,
    "errorCount" : 0,
    "errorPct" : 0.0,
    "meanResTime" : 992.5500000000003,
    "medianResTime" : 1038.0,
    "minResTime" : 35.0,
    "maxResTime" : 2062.0,
    "pct1ResTime" : 1683.7,
    "pct2ResTime" : 1862.9999999999984,
    "pct3ResTime" : 2061.5099999999998,
    "throughput" : 5.701579337476481,
    "receivedKBytesPerSec" : 0.6681538286105251,
    "sentKBytesPerSec" : 0.6737217771822794
  },
  "Total" : {
    "transaction" : "Total",
    "sampleCount" : 800,
    "errorCount" : 24,
    "errorPct" : 3.0,
    "meanResTime" : 1073.5412500000007,
    "medianResTime" : 574.5,
    "minResTime" : 0.0,
    "maxResTime" : 6389.0,
    "pct1ResTime" : 3271.4999999999995,
    "pct2ResTime" : 4082.7499999999995,
    "pct3ResTime" : 5858.88,
    "throughput" : 4.6945042426107706E-7,
    "receivedKBytesPerSec" : 1.244038466755455E-6,
    "sentKBytesPerSec" : 3.158246067123594E-8
  },
  "Resource 5 | GetLocation" : {
    "transaction" : "Resource 5 | GetLocation",
    "sampleCount" : 100,
    "errorCount" : 0,
    "errorPct" : 0.0,
    "meanResTime" : 881.8699999999998,
    "medianResTime" : 858.0,
    "minResTime" : 40.0,
    "maxResTime" : 1765.0,
    "pct1ResTime" : 1533.6000000000001,
    "pct2ResTime" : 1595.5999999999997,
    "pct3ResTime" : 1764.1199999999994,
    "throughput" : 6.390184676337146,
    "receivedKBytesPerSec" : 0.7505346787334655,
    "sentKBytesPerSec" : 0.2371357594734488
  },
  "Resource 5 | PingPong Request" : {
    "transaction" : "Resource 5 | PingPong Request",
    "sampleCount" : 100,
    "errorCount" : 0,
    "errorPct" : 0.0,
    "meanResTime" : 1.6100000000000003,
    "medianResTime" : 1.0,
    "minResTime" : 0.0,
    "maxResTime" : 8.0,
    "pct1ResTime" : 4.0,
    "pct2ResTime" : 4.0,
    "pct3ResTime" : 8.0,
    "throughput" : 7.156659271452086,
    "receivedKBytesPerSec" : 0.013977850139554856,
    "sentKBytesPerSec" : 0.04193355041866457
  },
  "Resource 5 | CloseConnection" : {
    "transaction" : "Resource 5 | CloseConnection",
    "sampleCount" : 200,
    "errorCount" : 12,
    "errorPct" : 6.0,
    "meanResTime" : 0.8049999999999999,
    "medianResTime" : 1.0,
    "minResTime" : 0.0,
    "maxResTime" : 7.0,
    "pct1ResTime" : 2.0,
    "pct2ResTime" : 3.0,
    "pct3ResTime" : 5.990000000000009,
    "throughput" : 1.1736260606526927E-7,
    "receivedKBytesPerSec" : 4.3094081914591063E-10,
    "sentKBytesPerSec" : 3.3397913483808073E-9
  },
  "Location | GetResourcesNearby" : {
    "transaction" : "Location | GetResourcesNearby",
    "sampleCount" : 100,
    "errorCount" : 12,
    "errorPct" : 12.0,
    "meanResTime" : 3569.2800000000007,
    "medianResTime" : 3599.0,
    "minResTime" : 316.0,
    "maxResTime" : 6389.0,
    "pct1ResTime" : 5782.0,
    "pct2ResTime" : 6124.249999999999,
    "pct3ResTime" : 6388.24,
    "throughput" : 4.637143519591932,
    "receivedKBytesPerSec" : 0.5937717366102481,
    "sentKBytesPerSec" : 0.5698614653373522
  }
}