{
  "Resource 5 | GetTrack" : {
    "transaction" : "Resource 5 | GetTrack",
    "sampleCount" : 100,
    "errorCount" : 77,
    "errorPct" : 77.0,
    "meanResTime" : 772.8199999999999,
    "medianResTime" : 0.0,
    "minResTime" : 0.0,
    "maxResTime" : 6007.0,
    "pct1ResTime" : 4314.900000000001,
    "pct2ResTime" : 6004.95,
    "pct3ResTime" : 6006.99,
    "throughput" : 5.867763192075146E-8,
    "receivedKBytesPerSec" : 1.3522271736612157E-7,
    "sentKBytesPerSec" : 6.016749366873929E-10
  },
  "Resource 5 | Open Connection" : {
    "transaction" : "Resource 5 | Open Connection",
    "sampleCount" : 100,
    "errorCount" : 70,
    "errorPct" : 70.0,
    "meanResTime" : 3546.81,
    "medianResTime" : 4303.5,
    "minResTime" : 8.0,
    "maxResTime" : 5014.0,
    "pct1ResTime" : 4896.1,
    "pct2ResTime" : 4986.0,
    "pct3ResTime" : 5013.84,
    "throughput" : 6.945891505174689,
    "receivedKBytesPerSec" : 0.29506472702646386,
    "sentKBytesPerSec" : 0.3398331683684101
  },
  "Resource 5 | AddLocation" : {
    "transaction" : "Resource 5 | AddLocation",
    "sampleCount" : 100,
    "errorCount" : 75,
    "errorPct" : 75.0,
    "meanResTime" : 631.6599999999997,
    "medianResTime" : 0.0,
    "minResTime" : 0.0,
    "maxResTime" : 6005.0,
    "pct1ResTime" : 2294.3000000000075,
    "pct2ResTime" : 5977.2499999999945,
    "pct3ResTime" : 6005.0,
    "throughput" : 5.867763197535846E-8,
    "receivedKBytesPerSec" : 1.690420061790112E-9,
    "sentKBytesPerSec" : 2.0800762116264765E-9
  },
  "Total" : {
    "transaction" : "Total",
    "sampleCount" : 800,
    "errorCount" : 575,
    "errorPct" : 71.875,
    "meanResTime" : 1466.8049999999982,
    "medianResTime" : 0.0,
    "minResTime" : 0.0,
    "maxResTime" : 10706.0,
    "pct1ResTime" : 5001.0,
    "pct2ResTime" : 6707.899999999967,
    "pct3ResTime" : 9729.97,
    "throughput" : 4.6942105359682745E-7,
    "receivedKBytesPerSec" : 1.4539274231942068E-7,
    "sentKBytesPerSec" : 1.1528091743482633E-8
  },
  "Resource 5 | GetLocation" : {
    "transaction" : "Resource 5 | GetLocation",
    "sampleCount" : 100,
    "errorCount" : 73,
    "errorPct" : 73.0,
    "meanResTime" : 384.07999999999987,
    "medianResTime" : 0.0,
    "minResTime" : 0.0,
    "maxResTime" : 6006.0,
    "pct1ResTime" : 1043.6000000000029,
    "pct2ResTime" : 3376.5499999999743,
    "pct3ResTime" : 6006.0,
    "throughput" : 5.867763212657786E-8,
    "receivedKBytesPerSec" : 1.8411253127216273E-9,
    "sentKBytesPerSec" : 6.532470764091675E-10
  },
  "Resource 5 | PingPong Request" : {
    "transaction" : "Resource 5 | PingPong Request",
    "sampleCount" : 100,
    "errorCount" : 70,
    "errorPct" : 70.0,
    "meanResTime" : 0.2400000000000001,
    "medianResTime" : 0.0,
    "minResTime" : 0.0,
    "maxResTime" : 2.0,
    "pct1ResTime" : 1.0,
    "pct2ResTime" : 1.0,
    "pct3ResTime" : 2.0,
    "throughput" : 5.8677632333368305E-8,
    "receivedKBytesPerSec" : 3.438142519533299E-11,
    "sentKBytesPerSec" : 1.0314427558599898E-10
  },
  "Resource 5 | CloseConnection" : {
    "transaction" : "Resource 5 | CloseConnection",
    "sampleCount" : 200,
    "errorCount" : 123,
    "errorPct" : 61.5,
    "meanResTime" : 1.3099999999999996,
    "medianResTime" : 0.0,
    "minResTime" : 0.0,
    "maxResTime" : 12.0,
    "pct1ResTime" : 7.0,
    "pct2ResTime" : 9.0,
    "pct3ResTime" : 11.0,
    "throughput" : 1.1735526339920686E-7,
    "receivedKBytesPerSec" : 1.7649131409646342E-10,
    "sentKBytesPerSec" : 1.3678076842475915E-9
  },
  "Location | GetResourcesNearby" : {
    "transaction" : "Location | GetResourcesNearby",
    "sampleCount" : 100,
    "errorCount" : 87,
    "errorPct" : 87.0,
    "meanResTime" : 6396.210000000003,
    "medianResTime" : 5003.0,
    "minResTime" : 1058.0,
    "maxResTime" : 10706.0,
    "pct1ResTime" : 9727.0,
    "pct2ResTime" : 10652.09999999999,
    "pct3ResTime" : 10705.99,
    "throughput" : 4.348204191668841,
    "receivedKBytesPerSec" : 0.2915929510174798,
    "sentKBytesPerSec" : 0.28539336300982693
  }
}