{
  "Resource 5 | GetTrack" : {
    "transaction" : "Resource 5 | GetTrack",
    "sampleCount" : 100,
    "errorCount" : 63,
    "errorPct" : 63.0,
    "meanResTime" : 684.2299999999997,
    "medianResTime" : 0.0,
    "minResTime" : 0.0,
    "maxResTime" : 3871.0,
    "pct1ResTime" : 2940.4000000000005,
    "pct2ResTime" : 3385.4499999999985,
    "pct3ResTime" : 3869.5499999999993,
    "throughput" : 5.867176294230116E-8,
    "receivedKBytesPerSec" : 3.0420357961301077E-6,
    "sentKBytesPerSec" : 7.419915333035156E-10
  },
  "Resource 5 | Open Connection" : {
    "transaction" : "Resource 5 | Open Connection",
    "sampleCount" : 100,
    "errorCount" : 63,
    "errorPct" : 63.0,
    "meanResTime" : 3667.81,
    "medianResTime" : 4243.5,
    "minResTime" : 20.0,
    "maxResTime" : 5016.0,
    "pct1ResTime" : 4860.9,
    "pct2ResTime" : 4961.0,
    "pct3ResTime" : 5015.5599999999995,
    "throughput" : 6.947339169098235,
    "receivedKBytesPerSec" : 0.3639890101778519,
    "sentKBytesPerSec" : 0.41921492896345697
  },
  "Resource 5 | AddLocation" : {
    "transaction" : "Resource 5 | AddLocation",
    "sampleCount" : 100,
    "errorCount" : 64,
    "errorPct" : 64.0,
    "meanResTime" : 614.6700000000001,
    "medianResTime" : 0.0,
    "minResTime" : 0.0,
    "maxResTime" : 6006.0,
    "pct1ResTime" : 1377.2000000000003,
    "pct2ResTime" : 3072.85,
    "pct3ResTime" : 5984.849999999989,
    "throughput" : 5.867176296316196E-8,
    "receivedKBytesPerSec" : 2.516468583341868E-9,
    "sentKBytesPerSec" : 2.565170730332774E-9
  },
  "Total" : {
    "transaction" : "Total",
    "sampleCount" : 800,
    "errorCount" : 533,
    "errorPct" : 66.625,
    "meanResTime" : 1383.2500000000011,
    "medianResTime" : 1.0,
    "minResTime" : 0.0,
    "maxResTime" : 9803.0,
    "pct1ResTime" : 4913.5999999999985,
    "pct2ResTime" : 5008.599999999999,
    "pct3ResTime" : 9583.0,
    "throughput" : 4.693741033492162E-7,
    "receivedKBytesPerSec" : 3.052868298319369E-6,
    "sentKBytesPerSec" : 1.1328692347925665E-8
  },
  "Resource 5 | GetLocation" : {
    "transaction" : "Resource 5 | GetLocation",
    "sampleCount" : 100,
    "errorCount" : 63,
    "errorPct" : 63.0,
    "meanResTime" : 501.61000000000024,
    "medianResTime" : 0.0,
    "minResTime" : 0.0,
    "maxResTime" : 5235.0,
    "pct1ResTime" : 2005.2,
    "pct2ResTime" : 2991.7,
    "pct3ResTime" : 5217.249999999991,
    "throughput" : 5.867176316991105E-8,
    "receivedKBytesPerSec" : 2.6001216920415655E-9,
    "sentKBytesPerSec" : 8.055908107118645E-10
  },
  "Resource 5 | PingPong Request" : {
    "transaction" : "Resource 5 | PingPong Request",
    "sampleCount" : 100,
    "errorCount" : 63,
    "errorPct" : 63.0,
    "meanResTime" : 0.6500000000000002,
    "medianResTime" : 0.0,
    "minResTime" : 0.0,
    "maxResTime" : 6.0,
    "pct1ResTime" : 2.0,
    "pct2ResTime" : 2.9499999999999886,
    "pct3ResTime" : 5.989999999999995,
    "throughput" : 5.867176335011941E-8,
    "receivedKBytesPerSec" : 4.239951648348473E-11,
    "sentKBytesPerSec" : 1.271985494504542E-10
  },
  "Resource 5 | CloseConnection" : {
    "transaction" : "Resource 5 | CloseConnection",
    "sampleCount" : 200,
    "errorCount" : 134,
    "errorPct" : 67.0,
    "meanResTime" : 0.7049999999999996,
    "medianResTime" : 0.0,
    "minResTime" : 0.0,
    "maxResTime" : 24.0,
    "pct1ResTime" : 3.0,
    "pct2ResTime" : 3.0,
    "pct3ResTime" : 6.980000000000018,
    "throughput" : 1.1734352583730405E-7,
    "receivedKBytesPerSec" : 1.5126313877464978E-10,
    "sentKBytesPerSec" : 1.1722893255035357E-9
  },
  "Location | GetResourcesNearby" : {
    "transaction" : "Location | GetResourcesNearby",
    "sampleCount" : 100,
    "errorCount" : 83,
    "errorPct" : 83.0,
    "meanResTime" : 5595.620000000003,
    "medianResTime" : 4990.5,
    "minResTime" : 685.0,
    "maxResTime" : 9803.0,
    "pct1ResTime" : 9583.0,
    "pct2ResTime" : 9585.9,
    "pct3ResTime" : 9802.279999999999,
    "throughput" : 3.771165667307765,
    "receivedKBytesPerSec" : 0.15736514547271563,
    "sentKBytesPerSec" : 0.15272484396802052
  }
}