{
  "Resource 5 | GetTrack" : {
    "transaction" : "Resource 5 | GetTrack",
    "sampleCount" : 100,
    "errorCount" : 94,
    "errorPct" : 94.0,
    "meanResTime" : 325.25,
    "medianResTime" : 0.0,
    "minResTime" : 0.0,
    "maxResTime" : 6004.0,
    "pct1ResTime" : 0.0,
    "pct2ResTime" : 3642.799999999999,
    "pct3ResTime" : 6004.0,
    "throughput" : 5.8672304017538726E-8,
    "receivedKBytesPerSec" : 4.709827529532894E-10,
    "sentKBytesPerSec" : 1.6043208129795745E-10
  },
  "Resource 5 | Open Connection" : {
    "transaction" : "Resource 5 | Open Connection",
    "sampleCount" : 100,
    "errorCount" : 92,
    "errorPct" : 92.0,
    "meanResTime" : 4470.139999999997,
    "medianResTime" : 4641.5,
    "minResTime" : 8.0,
    "maxResTime" : 5612.0,
    "pct1ResTime" : 5037.7,
    "pct2ResTime" : 5234.799999999999,
    "pct3ResTime" : 5611.089999999999,
    "throughput" : 6.839945280437757,
    "receivedKBytesPerSec" : 0.07748375512995896,
    "sentKBytesPerSec" : 0.08923991108071136
  },
  "Resource 5 | AddLocation" : {
    "transaction" : "Resource 5 | AddLocation",
    "sampleCount" : 100,
    "errorCount" : 98,
    "errorPct" : 98.0,
    "meanResTime" : 374.56,
    "medianResTime" : 0.0,
    "minResTime" : 0.0,
    "maxResTime" : 6006.0,
    "pct1ResTime" : 0.0,
    "pct2ResTime" : 6003.95,
    "pct3ResTime" : 6006.0,
    "throughput" : 5.867230422418836E-8,
    "receivedKBytesPerSec" : 1.8564283758434597E-10,
    "sentKBytesPerSec" : 5.546366258692805E-10
  },
  "Total" : {
    "transaction" : "Total",
    "sampleCount" : 800,
    "errorCount" : 762,
    "errorPct" : 95.25,
    "meanResTime" : 1310.8812500000008,
    "medianResTime" : 0.0,
    "minResTime" : 0.0,
    "maxResTime" : 6006.0,
    "pct1ResTime" : 4978.8,
    "pct2ResTime" : 5055.65,
    "pct3ResTime" : 6004.0,
    "throughput" : 4.693784308839572E-7,
    "receivedKBytesPerSec" : 1.9057039320313005E-9,
    "sentKBytesPerSec" : 1.8243419481622554E-9
  },
  "Resource 5 | GetLocation" : {
    "transaction" : "Resource 5 | GetLocation",
    "sampleCount" : 100,
    "errorCount" : 94,
    "errorPct" : 94.0,
    "meanResTime" : 380.6600000000002,
    "medianResTime" : 0.0,
    "minResTime" : 0.0,
    "maxResTime" : 6006.0,
    "pct1ResTime" : 0.0,
    "pct2ResTime" : 5112.599999999994,
    "pct3ResTime" : 6006.0,
    "throughput" : 5.867230443090683E-8,
    "receivedKBytesPerSec" : 5.569285147152484E-10,
    "sentKBytesPerSec" : 1.7418340377925464E-10
  },
  "Resource 5 | PingPong Request" : {
    "transaction" : "Resource 5 | PingPong Request",
    "sampleCount" : 100,
    "errorCount" : 92,
    "errorPct" : 92.0,
    "meanResTime" : 0.27999999999999997,
    "medianResTime" : 0.0,
    "minResTime" : 0.0,
    "maxResTime" : 22.0,
    "pct1ResTime" : 0.0,
    "pct2ResTime" : 1.0,
    "pct3ResTime" : 21.799999999999898,
    "throughput" : 5.867230457053218E-8,
    "receivedKBytesPerSec" : 9.16754758914565E-12,
    "sentKBytesPerSec" : 2.7502642767436955E-11
  },
  "Resource 5 | CloseConnection" : {
    "transaction" : "Resource 5 | CloseConnection",
    "sampleCount" : 200,
    "errorCount" : 192,
    "errorPct" : 96.0,
    "meanResTime" : 2.6649999999999983,
    "medianResTime" : 0.0,
    "minResTime" : 0.0,
    "maxResTime" : 452.0,
    "pct1ResTime" : 0.0,
    "pct2ResTime" : 0.0,
    "pct3ResTime" : 31.87000000000012,
    "throughput" : 1.1734460803287428E-7,
    "receivedKBytesPerSec" : 1.8335095005136608E-11,
    "sentKBytesPerSec" : 1.420969862898087E-10
  },
  "Location | GetResourcesNearby" : {
    "transaction" : "Location | GetResourcesNearby",
    "sampleCount" : 100,
    "errorCount" : 100,
    "errorPct" : 100.0,
    "meanResTime" : 4930.830000000002,
    "medianResTime" : 4959.0,
    "minResTime" : 4432.0,
    "maxResTime" : 5124.0,
    "pct1ResTime" : 5088.0,
    "pct2ResTime" : 5100.9,
    "pct3ResTime" : 5123.97,
    "throughput" : 4.998000799680129,
    "receivedKBytesPerSec" : 0.0,
    "sentKBytesPerSec" : 0.0
  }
}